name,designer,license,category,date_added
ABeeZee,Anja Meiners,OFL,SANS_SERIF,2012-09-30
Abel,MADType,OFL,SANS_SERIF,2011-08-03
Abhaya Libre,Mooniak,OFL,SERIF,2016-08-30
Abril Fatface,TypeTogether,OFL,DISPLAY,2011-08-31
Abyssinica SIL,SIL International,OFL,SERIF,2016-01-20
Acme,Huerta Tipográfica,OFL,SANS_SERIF,2011-12-19
Actor,Thomas Junold,OFL,SANS_SERIF,2011-08-03
Adamina,Cyreal,OFL,SERIF,2011-09-07
Adobe Blank,Dr. Ken Lunde,OFL,MONOSPACE,2016-03-23
Advent Pro,Andreas Kalpakidis,OFL,SANS_SERIF,2012-02-29
Aguafina Script,Sudtipos,OFL,HANDWRITING,2011-11-30
Akronim,Grzegorz Klimczewski,OFL,DISPLAY,2012-09-23
Aladin,Sudtipos,OFL,HANDWRITING,2011-11-30
Alata,"Spyros Zevelakis, Eben Sorkin",OFL,SANS_SERIF,2019-11-08
Alatsi,"Spyros Zevelakis, Eben Sorkin",OFL,SANS_SERIF,2019-11-07
Aldrich,MADType,OFL,SANS_SERIF,2011-08-17
Alef,"Hagilda, Mushon Zer-Aviv",OFL,SANS_SERIF,2013-05-21
Alegreya,Huerta Tipogr\303\241fica,OFL,SERIF,2011-12-19
Alegreya Sans,Juan Pablo del Peral,OFL,SANS_SERIF,2013-12-04
Alegreya Sans SC,Juan Pablo del Peral,OFL,SANS_SERIF,2013-12-04
Alegreya SC,Huerta Tipogr\303\241fica,OFL,SERIF,2011-12-19
Aleo,"Alessio Laiso, Kevin Conroy",OFL,SERIF,2018-12-05
Alex Brush,TypeSETit,OFL,HANDWRITING,2011-12-19
Alfa Slab One,JM Solé,OFL,DISPLAY,2011-12-19
Alice,Cyreal,OFL,SERIF,2011-08-10
Alike,Cyreal,OFL,SERIF,2011-08-24
Alike Angular,Cyreal,OFL,SERIF,2011-09-28
Allan,Anton Koovit,OFL,DISPLAY,2012-09-06
Allerta,Matt McInerney,OFL,SANS_SERIF,2010-11-30
Allerta Stencil,Matt McInerney,OFL,SANS_SERIF,2010-11-30
Allura,TypeSETit,OFL,HANDWRITING,2012-02-08
Almarai,Boutros Fonts,OFL,SANS_SERIF,2019-06-04
Almendra,Ana Sanfelippo,OFL,SERIF,2011-12-19
Almendra Display,Ana Sanfelippo,OFL,DISPLAY,2012-11-12
Almendra SC,Ana Sanfelippo,OFL,SERIF,2011-12-19
Amarante,Karolina Lach,OFL,DISPLAY,2012-07-10
Amaranth,Gesine Todt,OFL,SANS_SERIF,2011-05-04
Amatica SC,Multiple Designers,OFL,DISPLAY,2016-06-20
Amatic SC,"Vernon Adams, Ben Nathan, Thomas Jockin",OFL,HANDWRITING,2011-10-12
Amethysta,Cyreal,OFL,SERIF,2012-01-18
Amiko,Impallari Type,OFL,SANS_SERIF,2016-06-20
Amiri,"Khaled Hosny, Sebastian Kosch",OFL,SERIF,2012-07-30
Amita,Multiple Designers,OFL,HANDWRITING,2015-05-20
Anaheim,Vernon Adams,OFL,SANS_SERIF,2012-10-31
Andada,Huerta Tipográfica,OFL,SERIF,2011-10-05
Andada SC,Huerta Tipográfica,OFL,SERIF,2012-11-12
Andika,SIL International,OFL,SANS_SERIF,2011-08-10
Angkor,Danh Hong,OFL,DISPLAY,2011-03-02
Annie Use Your Telescope,Kimberly Geswein,OFL,HANDWRITING,2011-04-14
Anonymous Pro,Mark Simonson,OFL,MONOSPACE,2010-12-15
Antic,Santiago Orozco,OFL,SANS_SERIF,2011-08-31
Antic Didone,Santiago Orozco,OFL,SERIF,2012-03-14
Antic Slab,Santiago Orozco,OFL,SERIF,2012-03-14
Anton,Vernon Adams,OFL,SANS_SERIF,2011-02-23
Antonio,Vernon Adams,OFL,SANS_SERIF,2013-03-06
Arapey,Eduardo Tunni,OFL,SERIF,2011-11-02
Arbutus,Karolina Lach,OFL,DISPLAY,2011-12-07
Arbutus Slab,Karolina Lach,OFL,SERIF,2012-09-18
Architects Daughter,Kimberly Geswein,OFL,HANDWRITING,2011-03-09
Archivo,Omnibus-Type,OFL,SANS_SERIF,2016-12-03
Archivo Black,Omnibus-Type,OFL,SANS_SERIF,2012-09-18
Archivo Narrow,Omnibus-Type,OFL,SANS_SERIF,2012-09-18
Aref Ruqaa,"Abdullah Aref, Khaled Hosny, Hermann Zapf",OFL,SERIF,2016-06-20
Arima Madurai,Multiple Designers,OFL,DISPLAY,2016-08-22
Arizonia,TypeSETit,OFL,HANDWRITING,2011-12-19
Armata,Viktoriya Grabowska,OFL,SANS_SERIF,2011-12-19
Arsenal,Andrij Shevchenko,OFL,SANS_SERIF,2016-12-06
Artifika,Cyreal,OFL,SERIF,2011-06-01
Arvo,Anton Koovit,OFL,SERIF,2010-11-17
Arya,Multiple Designers,OFL,SANS_SERIF,2015-05-20
Asap,Omnibus-Type,OFL,SANS_SERIF,2012-01-25
Asap Condensed,Omnibus-Type,OFL,SANS_SERIF,2016-12-07
Asar,Sorkin Type,OFL,SERIF,2015-06-17
Asset,Riccardo De Franceschi,OFL,DISPLAY,2011-06-29
Assistant,Multiple Designers,OFL,SANS_SERIF,2016-06-20
Astloch,Dan Rhatigan,OFL,DISPLAY,2011-02-16
Asul,Mariela Monsalve,OFL,SANS_SERIF,2011-12-19
Athiti,Cadson Demak,OFL,SANS_SERIF,2016-06-20
Atma,Black Foundry,OFL,DISPLAY,2017-05-09
Atomic Age,James Grieshaber,OFL,DISPLAY,2011-10-26
Aubrey,Cyreal,OFL,DISPLAY,2011-07-27
Audiowide,Astigmatic,OFL,DISPLAY,2012-04-04
Autour One,Sorkin Type,OFL,DISPLAY,2012-05-15
Average,Eduardo Tunni,OFL,SERIF,2012-03-14
Average Sans,Eduardo Tunni,OFL,SANS_SERIF,2012-10-26
Averia Gruesa Libre,Dan Sayers,OFL,DISPLAY,2012-03-14
Averia Libre,Dan Sayers,OFL,DISPLAY,2012-03-14
Averia Sans Libre,Dan Sayers,OFL,DISPLAY,2012-03-14
Averia Serif Libre,Dan Sayers,OFL,DISPLAY,2012-03-14
B612,"Nicolas Chauveau, Thomas Paillot, Jonathan Favre-Lamarine, Jean-Luc Vinot",OFL,SANS_SERIF,2018-11-21
B612 Mono,"Nicolas Chauveau, Thomas Paillot, Jonathan Favre-Lamarine, Jean-Luc Vinot",OFL,MONOSPACE,2018-11-21
Bad Script,Gaslight,OFL,HANDWRITING,2011-12-13
Bahiana,Omnibus-Type,OFL,DISPLAY,2016-12-02
Bahianita,Omnibus-Type,OFL,DISPLAY,2019-06-12
Bai Jamjuree,Cadson Demak,OFL,SANS_SERIF,2018-08-24
Baloo 2,Ek Type,OFL,DISPLAY,2016-01-20
Baloo,Ek Type,OFL,DISPLAY,2016-01-20
Baloo Bhai 2,Ek Type,OFL,DISPLAY,2016-01-20
Baloo Bhai,Ek Type,OFL,DISPLAY,2016-01-20
Baloo Bhaijaan,Ek Type,OFL,DISPLAY,2017-06-16
Baloo Bhaina 2,Ek Type,OFL,DISPLAY,2016-01-20
Baloo Bhaina,Ek Type,OFL,DISPLAY,2016-01-20
Baloo Chettan 2,Ek Type,OFL,DISPLAY,2016-01-20
Baloo Chettan,Ek Type,OFL,DISPLAY,2016-01-20
Baloo Da 2,Ek Type,OFL,DISPLAY,2016-01-20
Baloo Da,Ek Type,OFL,DISPLAY,2016-01-20
Baloo Paaji 2,Ek Type,OFL,DISPLAY,2016-01-20
Baloo Paaji,Ek Type,OFL,DISPLAY,2016-01-20
Baloo Tamma 2,Ek Type,OFL,DISPLAY,2016-01-20
Baloo Tamma,Ek Type,OFL,DISPLAY,2016-01-20
Baloo Tammudu 2,Ek Type,OFL,DISPLAY,2016-01-20
Baloo Tammudu,Ek Type,OFL,DISPLAY,2016-01-20
Baloo Thambi 2,Ek Type,OFL,DISPLAY,2016-01-20
Baloo Thambi,Ek Type,OFL,DISPLAY,2016-01-20
Balsamiq Sans,Michael Angeles,OFL,DISPLAY,2020-04-09
Balthazar,Dario Manuel Muhafara,OFL,SERIF,2011-12-13
Bangers,Vernon Adams,OFL,DISPLAY,2011-02-09
Barlow,Jeremy Tribby,OFL,SANS_SERIF,2017-10-26
Barlow Condensed,Jeremy Tribby,OFL,SANS_SERIF,2017-10-26
Barlow Semi Condensed,Jeremy Tribby,OFL,SANS_SERIF,2017-10-26
Barriecito,Omnibus-Type,OFL,DISPLAY,2019-06-12
Barrio,Omnibus-Type,OFL,DISPLAY,2016-12-02
Basic,Magnus Gaarde,OFL,SANS_SERIF,2011-12-15
Baskervville,ANRT (Atelier National de Recherche typographique),OFL,SERIF,2019-10-04
Battambang,Danh Hong,OFL,DISPLAY,2011-03-02
Baumans,Cyreal,OFL,DISPLAY,2011-12-07
Bayon,Danh Hong,OFL,DISPLAY,2011-03-02
Bebas Neue,Ryoichi Tsunekawa,OFL,DISPLAY,2019-10-16
Belgrano,LatinoType,OFL,SERIF,2011-12-19
Bellefair,"Nick Shinn, Liron Lavi Turkenic",OFL,SERIF,2017-06-28
Belleza,Eduardo Tunni,OFL,SANS_SERIF,2012-03-29
Bellota,Kemie Guaida,OFL,DISPLAY,2020-01-16
Bellota Text,Kemie Guaida,OFL,DISPLAY,2020-01-16
BenchNine,Vernon Adams,OFL,SANS_SERIF,2012-09-24
Bentham,Ben Weiner,OFL,SERIF,2010-11-30
Berkshire Swash,Astigmatic,OFL,HANDWRITING,2012-03-14
Beth Ellen,Rob Jelinski,OFL,HANDWRITING,2019-05-10
Bevan,Vernon Adams,OFL,DISPLAY,2011-02-23
Be Vietnam,"Gabriel Lam, Tony Le, Vietanh Nguyen, beGroup Vietnam",OFL,SANS_SERIF,2019-08-05
Bhavuka,Multiple Designers,OFL,DISPLAY,2014-10-31
Bigelow Rules,Astigmatic,OFL,DISPLAY,2012-11-02
Bigshot One,Gesine Todt,OFL,DISPLAY,2011-05-04
Big Shoulders Display,Patric King,OFL,DISPLAY,2019-09-11
Big Shoulders Text,Patric King,OFL,DISPLAY,2019-09-11
Bilbo,TypeSETit,OFL,HANDWRITING,2011-12-07
Bilbo Swash Caps,TypeSETit,OFL,HANDWRITING,2011-12-13
Bio Rhyme,Aoife Mooney,OFL,SERIF,2016-06-20
Bio Rhyme Expanded,Aoife Mooney,OFL,SERIF,2016-06-20
Biryani,"Dan Reynolds, Mathieu Réguer",OFL,SANS_SERIF,2015-04-22
Bitter,Huerta Tipográfica,OFL,SERIF,2011-12-19
Black And White Picture,AsiaSoft Inc.,OFL,SANS_SERIF,2018-02-27
Black Han Sans,Zess Type,OFL,SANS_SERIF,2018-02-23
Black Ops One,James Grieshaber,OFL,DISPLAY,2011-07-27
Blinker,Juergen Huber,OFL,SANS_SERIF,2019-06-24
Bokor,Danh Hong,OFL,DISPLAY,2011-03-02
Bonbon,Cyreal,OFL,HANDWRITING,2011-12-07
Boogaloo,John Vargas Beltrán,OFL,DISPLAY,2011-12-19
Bowlby One,Vernon Adams,OFL,DISPLAY,2011-07-13
Bowlby One SC,Vernon Adams,OFL,DISPLAY,2011-07-06
Brawler,Cyreal,OFL,SERIF,2011-05-18
Bree Serif,TypeTogether,OFL,SERIF,2011-12-19
Bruno Ace,Astigmatic,OFL,SANS_SERIF,2012-11-16
Bruno Ace SC,Astigmatic,OFL,SANS_SERIF,2012-11-16
Bubblegum Sans,Sudtipos,OFL,DISPLAY,2011-11-23
Bubbler One,Brenda Gallo,OFL,SANS_SERIF,2012-05-09
Buda,Adèle Antignac,OFL,DISPLAY,2010-12-20
Buenard,FontFuror,OFL,SERIF,2011-12-19
Bungee,David Jonathan Ross,OFL,DISPLAY,2016-06-20
Bungee Hairline,David Jonathan Ross,OFL,DISPLAY,2016-06-20
Bungee Inline,David Jonathan Ross,OFL,DISPLAY,2016-06-20
Bungee Outline,David Jonathan Ross,OFL,DISPLAY,2016-06-20
Bungee Shade,David Jonathan Ross,OFL,DISPLAY,2016-06-20
Butcherman,Typomondo,OFL,DISPLAY,2011-12-19
Butcherman Caps,Typomondo,OFL,DISPLAY,2011-10-24
Butterfly Kids,Tart Workshop,OFL,HANDWRITING,2012-02-15
Cabin,Impallari Type,OFL,SANS_SERIF,2011-03-23
Cabin Condensed,Impallari Type,OFL,SANS_SERIF,2011-11-30
Cabin Sketch,Impallari Type,OFL,DISPLAY,2011-03-16
Caesar Dressing,Open Window,OFL,DISPLAY,2011-12-19
Cagliostro,MADType,OFL,SANS_SERIF,2011-11-30
Cairo,"Mohamed Gaber, Multiple Designers",OFL,SANS_SERIF,2016-06-20
Caladea,"Andrés Torresi, Carolina Giovagnoli",OFL,SERIF,2020-02-11
Calistoga,"Yvonne Schuttler, Eben Sorkin",OFL,DISPLAY,2019-11-04
Cambay,Pooja Saxena,OFL,SANS_SERIF,2015-01-28
Cambo,Huerta Tipográfica,OFL,SERIF,2011-12-19
Candal,Vernon Adams,OFL,SANS_SERIF,2011-03-09
Cantarell,Dave Crossland,OFL,SANS_SERIF,2010-05-10
Cantata One,Joana Correia,OFL,SERIF,2012-02-29
Cantora One,Impallari Type,OFL,SANS_SERIF,2012-07-30
Capriola,Viktoriya Grabowska,OFL,SANS_SERIF,2012-07-10
Cardo,David Perry,OFL,SERIF,2011-09-07
Carme,Rubén Prol,OFL,SANS_SERIF,2011-07-27
Carrois Gothic,Carrois Apostrophe,OFL,SANS_SERIF,2012-09-30
Carrois Gothic SC,Carrois Apostrophe,OFL,SANS_SERIF,2012-09-30
Carter One,Vernon Adams,OFL,DISPLAY,2011-05-04
Catamaran,Pria Ravichandran,OFL,SANS_SERIF,2015-07-08
Caudex,Nidud,OFL,SERIF,2011-05-18
Caveat,Impallari Type,OFL,HANDWRITING,2015-09-23
Caveat Brush,Impallari Type,OFL,HANDWRITING,2015-09-23
Cedarville Cursive,Kimberly Geswein,OFL,HANDWRITING,2011-06-08
Ceviche One,Miguel Hernandez,OFL,DISPLAY,2011-12-07
Chakra Petch,Cadson Demak,OFL,SANS_SERIF,2018-08-22
Changa,Eduardo Tunni,OFL,SANS_SERIF,2012-10-31
Changa One,Eduardo Tunni,OFL,DISPLAY,2011-11-30
Chango,Fontstage,OFL,DISPLAY,2011-12-13
Charm,Cadson Demak,OFL,HANDWRITING,2018-08-23
Charmonman,Cadson Demak,OFL,HANDWRITING,2018-08-22
Chathura,Multiple Designers,OFL,SANS_SERIF,2017-05-09
Chau Philomene One,Vicente Lamónaca,OFL,SANS_SERIF,2012-04-04
Chela One,Miguel Hernandez,OFL,DISPLAY,2012-10-05
Chelsea Market,Tart Workshop,OFL,DISPLAY,2012-01-04
Chenla,Danh Hong,OFL,DISPLAY,2011-03-02
Cherry Bomb,Satsuyako,OFL,DISPLAY,2019-12-02
Cherry Swash,Nataliya Kasatkina,OFL,DISPLAY,2012-10-05
Chicle,Sudtipos,OFL,DISPLAY,2011-11-30
Chilanka,SMC,OFL,HANDWRITING,2019-06-10
Chivo,Omnibus-Type,OFL,SANS_SERIF,2011-12-07
Chonburi,Cadson Demak,OFL,DISPLAY,2015-07-08
Cinzel,Natanael Gama,OFL,SERIF,2012-10-24
Cinzel Decorative,Natanael Gama,OFL,DISPLAY,2012-10-05
Clicker Script,Astigmatic,OFL,HANDWRITING,2012-11-11
Coda,Vernon Adams,OFL,DISPLAY,2010-12-07
Coda Caption,Vernon Adams,OFL,SANS_SERIF,2011-02-09
Codystar,Neapolitan,OFL,DISPLAY,2012-03-14
Coiny,Marcelo Magalhães,OFL,DISPLAY,2016-06-20
Combo,Eduardo Tunni,OFL,DISPLAY,2012-09-23
Comfortaa,Johan Aakerlund,OFL,DISPLAY,2011-08-10
Comic Neue,Craig Rozynski,OFL,HANDWRITING,2020-03-12
Concert One,Multiple Designers,OFL,DISPLAY,2011-11-23
Condiment,Sudtipos,OFL,HANDWRITING,2012-01-25
Content,Danh Hong,OFL,DISPLAY,2011-03-02
Contrail One,Riccardo De Franceschi,OFL,DISPLAY,2011-10-26
Convergence,Multiple Designers,OFL,SANS_SERIF,2011-11-09
Cookie,Ania Kruk,OFL,HANDWRITING,2011-10-12
Copse,Dan Rhatigan,OFL,SERIF,2010-12-15
Corben,Vernon Adams,OFL,DISPLAY,2010-12-20
Cormorant,Christian Thalmann,OFL,SERIF,2017-01-18
Cormorant Garamond,Christian Thalmann,OFL,SERIF,2017-01-18
Cormorant Infant,Christian Thalmann,OFL,SERIF,2017-01-18
Cormorant SC,Christian Thalmann,OFL,SERIF,2017-01-18
Cormorant Unicase,Christian Thalmann,OFL,SERIF,2017-01-18
Cormorant Upright,Christian Thalmann,OFL,SERIF,2017-01-18
Courgette,Karolina Lach,OFL,HANDWRITING,2012-07-10
Courier Prime,Alan Dague-Greene,OFL,MONOSPACE,2019-12-05
Coustard,Vernon Adams,OFL,SERIF,2011-08-10
Covered By Your Grace,Kimberly Geswein,OFL,HANDWRITING,2010-12-07
Creepster,Sideshow,OFL,DISPLAY,2011-12-19
Crete Round,TypeTogether,OFL,SERIF,2011-12-19
Crimson Pro,Jacques Le Bailly,OFL,SERIF,2018-12-05
Crimson Text,Sebastian Kosch,OFL,SERIF,2011-01-26
Croissant One,Eduardo Tunni,OFL,DISPLAY,2012-11-12
Cuprum,Jovanny Lemonad,OFL,SANS_SERIF,2012-04-04
Cute Font,TypoDesign Lab. Inc,OFL,DISPLAY,2018-02-23
Cutive,Vernon Adams,OFL,SERIF,2012-02-29
Cutive Mono,Vernon Adams,OFL,MONOSPACE,2012-10-26
Damion,Vernon Adams,OFL,HANDWRITING,2011-04-27
Dancing Script,Impallari Type,OFL,HANDWRITING,2011-05-18
Dangrek,Danh Hong,OFL,DISPLAY,2011-03-02
Darker Grotesque,"Gabriel Lam, Vietanh Nguyen",OFL,SANS_SERIF,2019-06-19
Dawning of a New Day,Kimberly Geswein,OFL,HANDWRITING,2011-04-14
Days One,Jovanny Lemonad,OFL,SANS_SERIF,2011-08-17
Dekko,Sorkin Type,OFL,HANDWRITING,2015-01-28
Delius,Natalia Raices,OFL,HANDWRITING,2011-07-27
Delius Swash Caps,Natalia Raices,OFL,HANDWRITING,2011-08-03
Delius Unicase,Natalia Raices,OFL,HANDWRITING,2011-10-12
Della Respira,Nathan Willis,OFL,SERIF,2012-04-04
Denk One,Sorkin Type,OFL,SANS_SERIF,2012-11-26
Devonshire,Astigmatic,OFL,HANDWRITING,2011-11-16
Dhurjati,Purushoth Kumar Guttula,OFL,SANS_SERIF,2014-12-10
Dhyana,Vernon Adams,OFL,SERIF,2011-12-15
Didact Gothic,"Daniel Johnson, Cyreal",OFL,SANS_SERIF,2011-05-04
Digital Numbers,Stephan Ahlf,OFL,MONOSPACE,2015-06-24
Diplomata,Eduardo Tunni,OFL,DISPLAY,2012-01-25
Diplomata SC,Eduardo Tunni,OFL,DISPLAY,2012-01-25
DM Mono,Colophon Foundry,OFL,MONOSPACE,2020-04-15
DM Sans,"Colophon Foundry, Jonny Pinhorn",OFL,SANS_SERIF,2019-06-12
DM Serif Display,"Colophon Foundry, Frank Grießhammer",OFL,SERIF,2019-06-12
DM Serif Text,"Colophon Foundry, Frank Grießhammer",OFL,SERIF,2019-06-12
Do Hyeon,Woowahan Brothers,OFL,SANS_SERIF,2018-02-24
Dokdo,FONTRIX,OFL,HANDWRITING,2018-02-23
Domine,Impallari Type,OFL,SERIF,2012-11-30
Donegal One,Gary Lonergan,OFL,SERIF,2012-11-26
Doppio One,Szymon Celej,OFL,SANS_SERIF,2012-02-22
Dorsa,Santiago Orozco,OFL,SANS_SERIF,2011-08-31
Dosis,Impallari Type,OFL,SANS_SERIF,2019-01-23
Dr Sugiyama,Sudtipos,OFL,HANDWRITING,2011-11-30
Duru Sans,Onur Yazıcıgil,OFL,SANS_SERIF,2011-12-19
Dynalight,Astigmatic,OFL,DISPLAY,2011-12-19
Eagle Lake,Astigmatic,OFL,HANDWRITING,2012-07-11
East Sea Dokdo,YoonDesign Inc,OFL,HANDWRITING,2018-03-12
Eater,Typomondo,OFL,DISPLAY,2011-12-19
Eater Caps,Typomondo,OFL,DISPLAY,2011-10-24
EB Garamond,"Georg Duffner, Octavio Pardo",OFL,SERIF,2011-03-23
Economica,Vicente Lamónaca,OFL,SANS_SERIF,2012-02-29
Eczar,Rosetta,OFL,SERIF,2015-06-03
Ek Mukta,Ek Type,OFL,SANS_SERIF,2014-05-12
Electrolize,Gaslight,OFL,SANS_SERIF,2011-12-07
El Messiri,"Mohamed Gaber, Jovanny Lemonad",OFL,SANS_SERIF,2016-06-20
Elsie,Alejandro Inler,OFL,DISPLAY,2012-11-12
Elsie Swash Caps,Alejandro Inler,OFL,DISPLAY,2012-11-12
Emblema One,Riccardo De Franceschi,OFL,DISPLAY,2012-01-18
Emilys Candy,Neapolitan,OFL,DISPLAY,2012-02-29
Encode Sans,"Impallari Type, Andres Torresi, Jacques Le Bailly",OFL,SANS_SERIF,2020-05-07
Encode Sans Condensed,"Impallari Type, Andres Torresi, Jacques Le Bailly",OFL,SANS_SERIF,2017-02-08
Encode Sans Expanded,"Impallari Type, Andres Torresi, Jacques Le Bailly",OFL,SANS_SERIF,2017-02-08
Encode Sans Semi Condensed,"Impallari Type, Andres Torresi, Jacques Le Bailly",OFL,SANS_SERIF,2017-02-08
Encode Sans Semi Expanded,"Impallari Type, Andres Torresi, Jacques Le Bailly",OFL,SANS_SERIF,2017-02-08
Engagement,Astigmatic,OFL,HANDWRITING,2011-12-07
Englebert,Astigmatic,OFL,SANS_SERIF,2012-11-02
Enriqueta,FontFuror,OFL,SERIF,2011-12-13
Erica One,Miguel Hernandez,OFL,DISPLAY,2012-01-18
Esteban,Angélica Díaz,OFL,SERIF,2012-01-11
Euphoria Script,Sabrina Mariela Lopez,OFL,HANDWRITING,2012-02-08
Ewert,Multiple Designers,OFL,DISPLAY,2012-02-08
Exo 2,Natanael Gama,OFL,SANS_SERIF,2013-12-04
Exo,"Natanael Gama, Robin Mientjes",OFL,SANS_SERIF,2012-02-08
Expletus Sans,Designtown,OFL,DISPLAY,2011-05-04
Fahkwang,Cadson Demak,OFL,SANS_SERIF,2018-08-22
Fanwood Text,Barry Schwartz,OFL,SERIF,2011-08-31
Farro,Grayscale,OFL,SANS_SERIF,2019-07-17
Farsan,Pooja Saxena,OFL,DISPLAY,2016-06-20
Fascinate,Astigmatic,OFL,DISPLAY,2011-12-07
Fascinate Inline,Astigmatic,OFL,DISPLAY,2011-12-07
Faster One,Eduardo Tunni,OFL,DISPLAY,2012-10-26
Fasthand,Danh Hong,OFL,SERIF,2012-05-24
Fauna One,Eduardo Tunni,OFL,SERIF,2013-06-05
Faustina,Omnibus-Type,OFL,SERIF,2016-12-03
Federant,Cyreal,OFL,DISPLAY,2011-10-05
Federo,Cyreal,OFL,SANS_SERIF,2011-07-27
Felipa,Fontstage,OFL,HANDWRITING,2012-02-08
Fenix,Fernando Díaz,OFL,SERIF,2012-09-24
Finger Paint,Carrois Apostrophe,OFL,DISPLAY,2012-09-30
Fira Code,Multiple Designers,OFL,MONOSPACE,2019-03-25
Fira Mono,Carrois Apostrophe,OFL,MONOSPACE,2014-06-18
Fira Sans,Carrois Apostrophe,OFL,SANS_SERIF,2014-06-18
Fira Sans Condensed,Carrois Apostrophe,OFL,SANS_SERIF,2016-12-02
Fira Sans Extra Condensed,Carrois Apostrophe,OFL,SANS_SERIF,2016-12-06
Fjalla One,Sorkin Type,OFL,SANS_SERIF,2012-10-27
Fjord One,Viktoriya Grabowska,OFL,SERIF,2011-11-02
Flamenco,LatinoType,OFL,DISPLAY,2011-12-19
Flavors,Sideshow,OFL,DISPLAY,2011-12-19
Fondamento,Astigmatic,OFL,HANDWRITING,2011-11-16
Forum,Denis Masharov,OFL,DISPLAY,2011-07-06
Francois One,Vernon Adams,OFL,SANS_SERIF,2011-05-04
Frank Ruhl Libre,Yanek Iontef,OFL,SERIF,2016-06-20
Freckle Face,Astigmatic,OFL,DISPLAY,2012-11-26
Fredericka the Great,Tart Workshop,OFL,DISPLAY,2011-12-19
Fredoka One,Milena Brandao,OFL,DISPLAY,2012-03-14
Freehand,Danh Hong,OFL,DISPLAY,2011-03-02
Fresca,Fontstage,OFL,SANS_SERIF,2011-12-07
Frijole,Sideshow,OFL,DISPLAY,2011-12-19
Fruktur,Viktoriya Grabowska,OFL,DISPLAY,2013-01-16
Fugaz One,LatinoType,OFL,DISPLAY,2011-12-19
Gabriela,Eduardo Tunni,OFL,SERIF,2013-03-06
Gaegu,JIKJI SOFT,OFL,HANDWRITING,2018-02-28
Gafata,Lautaro Hourcade,OFL,SANS_SERIF,2012-10-31
Galada,Multiple Designers,OFL,DISPLAY,2016-06-20
Galdeano,Dario Manuel Muhafara,OFL,SANS_SERIF,2011-12-07
Galindo,Astigmatic,OFL,DISPLAY,2012-08-13
Gamja Flower,YoonDesign Inc,OFL,HANDWRITING,2018-02-23
Gayathri,SMC,OFL,SANS_SERIF,2019-06-10
Gelasio,Eben Sorkin,OFL,SERIF,2019-12-03
Gemunu Libre,Mooniak,OFL,SANS_SERIF,2017-05-29
Gentium Basic,Victor Gaultney,OFL,SERIF,2011-07-20
Gentium Book Basic,Victor Gaultney,OFL,SERIF,2011-08-17
Geo,Ben Weiner,OFL,SANS_SERIF,2010-11-30
Geostar,Joe Prince,OFL,DISPLAY,2011-08-10
Geostar Fill,Joe Prince,OFL,DISPLAY,2011-08-10
Germania One,John Vargas Beltrán,OFL,DISPLAY,2012-01-18
GFS Didot,Greek Font Society,OFL,SERIF,2010-09-21
GFS Neohellenic,Greek Font Society,OFL,SANS_SERIF,2010-09-21
Gidugu,Purushoth Kumar Guttula,OFL,SANS_SERIF,2014-12-10
Gilda Display,Eduardo Tunni,OFL,SERIF,2012-10-31
Girassol,Liam Spradlin,OFL,DISPLAY,2019-12-05
Give You Glory,Kimberly Geswein,OFL,HANDWRITING,2011-07-13
Glass Antiqua,Denis Masharov,OFL,DISPLAY,2012-02-22
Glegoo,Eduardo Tunni,OFL,SERIF,2012-01-25
Gloria Hallelujah,Kimberly Geswein,OFL,HANDWRITING,2011-07-27
Goblin One,Riccardo De Franceschi,OFL,DISPLAY,2011-06-29
Gochi Hand,Huerta Tipográfica,OFL,HANDWRITING,2011-10-05
Gorditas,Gustavo Dipre,OFL,DISPLAY,2012-03-14
Gothic A1,HanYang I&C Co,OFL,SANS_SERIF,2018-02-24
Gotu,Ek Type,OFL,SANS_SERIF,2020-01-10
Goudy Bookletter 1911,Barry Schwartz,OFL,SERIF,2011-02-09
Graduate,Eduardo Tunni,OFL,DISPLAY,2012-03-14
Grand Hotel,Astigmatic,OFL,HANDWRITING,2012-11-30
Gravitas One,Riccardo De Franceschi,OFL,DISPLAY,2011-06-29
Great Vibes,TypeSETit,OFL,HANDWRITING,2012-03-29
Grenze,Omnibus-Type,OFL,SERIF,2018-09-19
Grenze Gotisch,Omnibus-Type,OFL,DISPLAY,2020-05-18
Griffy,Neapolitan,OFL,DISPLAY,2012-09-06
Gruppo,Vernon Adams,OFL,DISPLAY,2010-12-20
Gudea,Agustina Mingote,OFL,SANS_SERIF,2012-01-18
Gugi,TAE System & Typefaces Co.,OFL,DISPLAY,2018-02-23
Gupter,Octavio Pardo,OFL,SERIF,2019-11-13
Gurajada,Purushoth Kumar Guttula,OFL,SERIF,2015-01-08
Habibi,Magnus Gaarde,OFL,SERIF,2011-12-19
Halant,Indian Type Foundry,OFL,SERIF,2014-08-27
Hammersmith One,Nicole Fally,OFL,SANS_SERIF,2011-06-29
Hanalei,Astigmatic,OFL,DISPLAY,2012-11-26
Hanalei Fill,Astigmatic,OFL,DISPLAY,2012-11-26
Handlee,Joe Prince,OFL,HANDWRITING,2011-12-13
Hanuman,Danh Hong,OFL,SERIF,2010-09-21
Happy Monkey,Brenda Gallo,OFL,DISPLAY,2012-03-14
Harmattan,SIL International,OFL,SANS_SERIF,2016-06-20
Headland One,Gary Lonergan,OFL,SERIF,2012-05-09
Heebo,Multiple Designers,OFL,SANS_SERIF,2016-06-20
Henny Penny,Brownfox,OFL,DISPLAY,2012-02-22
Hepta Slab,Mike LaGattuta,OFL,SERIF,2018-09-19
Hermeneus One,Impallari Type,OFL,SANS_SERIF,2012-05-01
Herr Von Muellerhoff,Sudtipos,OFL,HANDWRITING,2011-11-30
Hi Melody,YoonDesign Inc,OFL,HANDWRITING,2018-02-23
Hind,Indian Type Foundry,OFL,SANS_SERIF,2014-06-25
Hind Colombo,Indian Type Foundry,OFL,SANS_SERIF,2016-01-20
Hind Guntur,Indian Type Foundry,OFL,SANS_SERIF,2016-01-20
Hind Jalandhar,Indian Type Foundry,OFL,SANS_SERIF,2016-01-20
Hind Kochi,Indian Type Foundry,OFL,SANS_SERIF,2016-01-20
Hind Madurai,Indian Type Foundry,OFL,SANS_SERIF,2016-01-20
Hind Mysuru,Indian Type Foundry,OFL,SANS_SERIF,2016-01-20
Hind Siliguri,Indian Type Foundry,OFL,SANS_SERIF,2015-09-09
Hind Vadodara,Indian Type Foundry,OFL,SANS_SERIF,2015-09-09
Holtwood One SC,Vernon Adams,OFL,SERIF,2011-05-04
Homenaje,Multiple Designers,OFL,SANS_SERIF,2012-01-18
Ibarra Real Nova,"Jos\303\251 Mar\303\255a Ribagorda, Octavio Pardo",OFL,SERIF,2019-11-04
IBM Plex Mono,"Mike Abbink, Bold Monday",OFL,MONOSPACE,2018-03-12
IBM Plex Sans,"Mike Abbink, Bold Monday",OFL,SANS_SERIF,2018-03-12
IBM Plex Sans Condensed,"Mike Abbink, Bold Monday",OFL,SANS_SERIF,2018-03-12
IBM Plex Serif,"Mike Abbink, Bold Monday",OFL,SERIF,2018-03-12
Iceberg,Cyreal,OFL,DISPLAY,2012-01-25
Iceland,Cyreal,OFL,DISPLAY,2011-11-23
IM Fell Double Pica,Igino Marini,OFL,SERIF,2010-05-17
IM Fell Double Pica SC,Igino Marini,OFL,SERIF,2010-05-17
IM Fell DW Pica,Igino Marini,OFL,SERIF,2010-05-17
IM Fell DW Pica SC,Igino Marini,OFL,SERIF,2010-05-17
IM Fell English,Igino Marini,OFL,SERIF,2010-05-17
IM Fell English SC,Igino Marini,OFL,SERIF,2010-05-17
IM Fell French Canon,Igino Marini,OFL,SERIF,2010-05-17
IM Fell French Canon SC,Igino Marini,OFL,SERIF,2010-05-17
IM Fell Great Primer,Igino Marini,OFL,SERIF,2010-05-17
IM Fell Great Primer SC,Igino Marini,OFL,SERIF,2010-05-17
Imprima,Eduardo Tunni,OFL,SANS_SERIF,2012-03-14
Inconsolata,Raph Levien,OFL,MONOSPACE,2010-02-19
Inder,Sorkin Type,OFL,SANS_SERIF,2011-12-19
Indie Flower,Kimberly Geswein,OFL,HANDWRITING,2011-03-09
Inika,Constanza Artigas,OFL,SERIF,2012-01-11
Inknut Antiqua,Claus Eggers Sørensen,OFL,SERIF,2015-05-20
Inria Sans,"Grégori Vincens, Jérémie Hornus",OFL,SANS_SERIF,2019-12-05
Inria Serif,"Grégori Vincens, Jérémie Hornus",OFL,SERIF,2019-12-05
Inter,Rasmus Andersson,OFL,SANS_SERIF,2020-01-24
Istok Web,Andrey V. Panov,OFL,SANS_SERIF,2011-07-13
Italiana,Santiago Orozco,OFL,SERIF,2012-03-14
Italianno,TypeSETit,OFL,HANDWRITING,2011-12-19
Itim,Cadson Demak,OFL,HANDWRITING,2015-07-01
Jacques Francois,Cyreal,OFL,SERIF,2012-09-07
Jacques Francois Shadow,Cyreal,OFL,DISPLAY,2012-09-07
Jaldi,Omnibus-Type,OFL,SANS_SERIF,2015-04-22
Jim Nightshade,Astigmatic,OFL,HANDWRITING,2012-01-04
Jockey One,TypeTogether,OFL,SANS_SERIF,2011-10-26
Jolly Lodger,Font Diner,OFL,DISPLAY,2012-03-14
Jomhuria,KB Studio,OFL,DISPLAY,2016-06-20
Jomolhari,Christopher J. Fynn,OFL,SERIF,2019-09-10
Josefin Sans,Santiago Orozco,OFL,SANS_SERIF,2010-11-17
Josefin Sans Std Light,hidden,OFL,SANS_SERIF,2010-05-18
Josefin Slab,Santiago Orozco,OFL,SERIF,2010-11-17
Jost,Owen Earl,OFL,SANS_SERIF,2020-02-11
Joti One,Eduardo Tunni,OFL,DISPLAY,2012-10-31
Jua,Woowahan Brothers,OFL,SANS_SERIF,2018-02-24
Judson,Daniel Johnson,OFL,SERIF,2011-05-04
Julee,Julian Tunni,OFL,HANDWRITING,2011-09-07
Julius Sans One,Luciano Vergara,OFL,SANS_SERIF,2012-10-05
Junge,Cyreal,OFL,SERIF,2012-01-18
Jura,"Daniel Johnson, Cyreal",OFL,SANS_SERIF,2011-05-18
Just Me Again Down Here,Kimberly Geswein,OFL,HANDWRITING,2010-12-07
K2D,Cadson Demak,OFL,SANS_SERIF,2018-08-22
Kadwa,Sol Matas,OFL,SERIF,2015-06-17
Kalam,Indian Type Foundry,OFL,HANDWRITING,2014-10-17
Kameron,Vernon Adams,OFL,SERIF,2011-06-08
Kanit,Cadson Demak,OFL,SANS_SERIF,2015-12-07
Kantumruy,Tep Sovichet,OFL,SANS_SERIF,2013-06-24
Karla,Jonny Pinhorn,OFL,SANS_SERIF,2012-03-14
Karla Tamil Inclined,Jonathan Pinhorn,OFL,SANS_SERIF,2012-09-29
Karla Tamil Upright,Jonathan Pinhorn,OFL,SANS_SERIF,2012-09-29
Karma,Indian Type Foundry,OFL,SERIF,2014-06-25
Katibeh,KB Studio,OFL,DISPLAY,2016-06-20
Kaushan Script,Impallari Type,OFL,HANDWRITING,2012-01-25
Kavivanar,Tharique Azeez,OFL,HANDWRITING,2016-06-20
Kavoon,Viktoriya Grabowska,OFL,DISPLAY,2013-01-23
Kdam Thmor,Tep Sovichet,OFL,DISPLAY,2013-12-04
Keania One,Julia Petretta,OFL,DISPLAY,2012-10-31
Kelly Slab,Denis Masharov,OFL,DISPLAY,2011-07-27
Kenia,Julia Petretta,OFL,DISPLAY,2010-12-15
Khand,Indian Type Foundry,OFL,SANS_SERIF,2014-07-14
Khmer,Danh Hong,OFL,DISPLAY,2011-03-02
Khula,Erin McLaughlin,OFL,SANS_SERIF,2015-01-28
Kirang Haerang,Woowahan Brothers,OFL,DISPLAY,2018-02-24
Kite One,Eduardo Tunni,OFL,SANS_SERIF,2012-10-26
Knewave,Tyler Finck,OFL,DISPLAY,2011-11-23
Kodchasan,Cadson Demak,OFL,SANS_SERIF,2018-08-22
KoHo,Cadson Demak,OFL,SANS_SERIF,2018-08-22
Kotta One,Ania Kruk,OFL,SERIF,2012-01-25
Koulen,Danh Hong,OFL,DISPLAY,2011-03-02
Kreon,Julia Petretta,OFL,SERIF,2011-02-02
Kristi,Birgit Pulk,OFL,HANDWRITING,2010-12-20
Krona One,Yvonne Schüttler,OFL,SANS_SERIF,2012-02-22
Krub,Cadson Demak,OFL,SANS_SERIF,2018-08-24
Kulim Park,Dale Sattler,OFL,SANS_SERIF,2019-09-25
Kumar One,Indian Type Foundry,OFL,DISPLAY,2016-06-20
Kurale,Eduardo Tunni,OFL,SERIF,2015-05-14
La Belle Aurore,Kimberly Geswein,OFL,HANDWRITING,2011-06-08
Lacquer,"Niki Polyocan, Eli Block",OFL,DISPLAY,2019-07-04
Laila,Indian Type Foundry,OFL,SERIF,2014-08-27
Lakki Reddy,Appaji Ambarisha Darbha,OFL,HANDWRITING,2015-01-12
Lalezar,Borna Izadpanah,OFL,SANS_SERIF,2017-02-28
Lancelot,Marion Kadi,OFL,DISPLAY,2011-11-02
Lateef,SIL International,OFL,SERIF,2012-01-18
Lato,Łukasz Dziedzic,OFL,SANS_SERIF,2010-12-15
League Gothic,"League Of Movable Type, Mirko Velimirovic",OFL,SANS_SERIF,2020-01-30
League Script,Haley Fiege,OFL,HANDWRITING,2011-03-09
Leckerli One,Gesine Todt,OFL,HANDWRITING,2011-07-20
Ledger,Denis Masharov,OFL,SERIF,2012-02-22
Lekton,Multiple Designers,OFL,SANS_SERIF,2010-12-20
Lemon,Eduardo Tunni,OFL,DISPLAY,2011-11-30
Lemonada,"Mohamed Gaber, Eduardo Tunni",OFL,DISPLAY,2016-06-20
Lexend Deca,Thomas Jockin,OFL,SANS_SERIF,2019-08-01
Lexend Exa,Thomas Jockin,OFL,SANS_SERIF,2019-08-01
Lexend Giga,Thomas Jockin,OFL,SANS_SERIF,2019-08-01
Lexend Mega,Thomas Jockin,OFL,SANS_SERIF,2019-08-01
Lexend Peta,Thomas Jockin,OFL,SANS_SERIF,2019-08-01
Lexend Tera,Thomas Jockin,OFL,SANS_SERIF,2019-08-01
Lexend Zetta,Thomas Jockin,OFL,SANS_SERIF,2019-08-01
Libre Barcode 128,Lasse Fister,OFL,DISPLAY,2017-07-31
Libre Barcode 128 Text,Lasse Fister,OFL,DISPLAY,2017-07-31
Libre Barcode 39,Lasse Fister,OFL,DISPLAY,2017-07-31
Libre Barcode 39 Extended,Lasse Fister,OFL,DISPLAY,2017-08-21
Libre Barcode 39 Extended Text,Lasse Fister,OFL,DISPLAY,2017-08-21
Libre Barcode 39 Text,Lasse Fister,OFL,DISPLAY,2017-07-31
Libre Baskerville,Impallari Type,OFL,SERIF,2012-11-30
Libre Caslon Display,Impallari Type,OFL,SERIF,2017-11-30
Libre Caslon Text,Impallari Type,OFL,SERIF,2013-03-15
Libre Franklin,Impallari Type,OFL,SANS_SERIF,2016-06-20
Life Savers,Impallari Type,OFL,DISPLAY,2012-08-13
Lilita One,Juan Montoreano,OFL,DISPLAY,2012-01-11
Lily Script One,Julia Petretta,OFL,DISPLAY,2013-06-05
Limelight,Nicole Fally,OFL,DISPLAY,2011-05-25
Linden Hill,Barry Schwartz,OFL,SERIF,2011-10-19
Literata,TypeTogether,OFL,SERIF,2018-12-06
Liu Jian Mao Cao,Liu Zhengjiang,OFL,HANDWRITING,2019-03-18
Livvic,"LV=, Jacques Le Bailly",OFL,SANS_SERIF,2019-06-21
Lobster,Impallari Type,OFL,DISPLAY,2010-05-17
Lobster Two,Impallari Type,OFL,DISPLAY,2011-06-21
Lohit Bengali,Multiple Designers,OFL,SERIF,2012-05-09
Lohit Tamil,Multiple Designers,OFL,SERIF,2011-12-12
Londrina Outline,Marcelo Magalhães,OFL,DISPLAY,2012-03-14
Londrina Shadow,Marcelo Magalhães,OFL,DISPLAY,2012-03-14
Londrina Sketch,Marcelo Magalhães,OFL,DISPLAY,2012-03-14
Londrina Solid,Marcelo Magalhães,OFL,DISPLAY,2012-03-14
Long Cang,Chen Xiaomin,OFL,HANDWRITING,2019-03-18
Lora,Cyreal,OFL,SERIF,2011-07-06
Loved by the King,Kimberly Geswein,OFL,HANDWRITING,2011-07-06
Lovers Quarrel,TypeSETit,OFL,HANDWRITING,2012-03-29
Love Ya Like A Sister,Kimberly Geswein,OFL,DISPLAY,2011-07-06
Lusitana,Ana Paula Megda,OFL,SERIF,2012-01-11
Lustria,MADType,OFL,SERIF,2012-01-18
Macondo,John Vargas Beltrán,OFL,DISPLAY,2012-01-18
Macondo Swash Caps,John Vargas Beltrán,OFL,DISPLAY,2012-01-18
Mada,"Khaled Hosny, Paul D. Hunt",OFL,SANS_SERIF,2017-05-08
Magra,FontFuror,OFL,SANS_SERIF,2012-01-11
Maitree,Cadson Demak,OFL,SERIF,2016-06-20
Major Mono Display,Emre Parlak,OFL,MONOSPACE,2018-12-05
Mako,Vernon Adams,OFL,SANS_SERIF,2011-05-11
Mali,Cadson Demak,OFL,HANDWRITING,2018-08-22
Mallanna,Purushoth Kumar Guttula,OFL,SANS_SERIF,2014-12-10
Mandali,Purushoth Kumar Guttula,OFL,SANS_SERIF,2014-12-10
Manjari,Santhosh Thottingal,OFL,SANS_SERIF,2018-11-21
Manrope,Mikhail Sharanda,OFL,SANS_SERIF,2019-10-03
Mansalva,Carolina Short,OFL,HANDWRITING,2019-08-29
Manuale,Omnibus-Type,OFL,SERIF,2016-12-03
Marcellus,Astigmatic,OFL,SERIF,2012-05-09
Marcellus SC,Astigmatic,OFL,SERIF,2012-05-09
Marck Script,Denis Masharov,OFL,HANDWRITING,2011-10-12
Margarine,Astigmatic,OFL,DISPLAY,2012-11-16
Markazi Text,"Borna Izadpanah, Fiona Ross, Florian Runge",OFL,SERIF,2018-06-06
Marko One,Cyreal,OFL,SERIF,2011-12-13
Marmelad,Cyreal,OFL,SANS_SERIF,2011-12-07
Martel,Dan Reynolds,OFL,SERIF,2015-04-20
Martel Sans,"Dan Reynolds, Mathieu Réguer",OFL,SANS_SERIF,2015-03-04
Marvel,Carolina Trebol,OFL,SANS_SERIF,2011-08-03
Ma Shan Zheng,Ma ShanZheng,OFL,HANDWRITING,2019-03-18
Mate,Eduardo Tunni,OFL,SERIF,2011-11-02
Mate SC,Eduardo Tunni,OFL,SERIF,2011-11-02
Maven Pro,Joe Prince,OFL,SANS_SERIF,2011-05-25
McLaren,Astigmatic,OFL,DISPLAY,2012-08-13
Meddon,Vernon Adams,OFL,HANDWRITING,2011-02-02
MedievalSharp,Wojciech Kalinowski,OFL,DISPLAY,2011-03-02
Medula One,LatinoType,OFL,DISPLAY,2011-12-19
Meera Inimai,SMC,OFL,SANS_SERIF,2016-06-20
Megrim,Daniel Johnson,OFL,DISPLAY,2011-05-04
Meie Script,Multiple Designers,OFL,HANDWRITING,2012-08-21
Merge One,Kosal Sen,OFL,SANS_SERIF,2012-10-05
Merienda,Eduardo Tunni,OFL,HANDWRITING,2012-10-31
Merienda One,Eduardo Tunni,OFL,HANDWRITING,2011-09-07
Merriweather,Sorkin Type,OFL,SERIF,2011-05-11
Merriweather Sans,Sorkin Type,OFL,SANS_SERIF,2013-03-06
Mervale Script,Astigmatic,OFL,HANDWRITING,2012-11-12
Metal,Danh Hong,OFL,DISPLAY,2011-03-02
Metal Mania,Open Window,OFL,DISPLAY,2012-07-11
Metamorphous,James Grieshaber,OFL,DISPLAY,2011-12-07
Metrophobic,Vernon Adams,OFL,SANS_SERIF,2011-05-11
Miama,Linus Romer,OFL,HANDWRITING,2012-05-09
Michroma,Vernon Adams,OFL,SANS_SERIF,2011-03-30
Milonga,Impallari Type,OFL,DISPLAY,2012-11-30
Miltonian,Impallari Type,OFL,DISPLAY,2011-04-06
Miltonian Tattoo,Impallari Type,OFL,DISPLAY,2011-04-06
Mina,"Suman Bhandary, Natanael Gama, Mooniak",OFL,SANS_SERIF,2017-02-20
Miniver,Open Window,OFL,DISPLAY,2011-12-19
Miriam Libre,Michal Sahar,OFL,SANS_SERIF,2016-06-20
Mirza,KB Studio,OFL,DISPLAY,2016-06-20
Miss Fajardose,Sudtipos,OFL,HANDWRITING,2011-11-30
Miss Saint Delafield,Sudtipos,OFL,HANDWRITING,2011-11-30
Mitr,Cadson Demak,OFL,SANS_SERIF,2016-06-20
Modak,Ek Type,OFL,DISPLAY,2015-02-18
Modern Antiqua,Wojciech Kalinowski,OFL,DISPLAY,2011-07-13
Mogra,Lipi Raval,OFL,DISPLAY,2017-05-09
Mohave,Gumpita Rahayu,OFL,SANS_SERIF,2020-01-23
Molengo,Denis Jacquerye,OFL,SANS_SERIF,2010-04-19
Molle,Elena Albertoni,OFL,HANDWRITING,2012-09-18
Monda,Vernon Adams,OFL,SANS_SERIF,2012-11-30
Monofett,Vernon Adams,OFL,DISPLAY,2011-05-04
Monoton,Vernon Adams,OFL,DISPLAY,2011-08-24
Monsieur La Doulaise,Sudtipos,OFL,HANDWRITING,2011-11-30
Montaga,Alejandra Rodriguez,OFL,SERIF,2012-01-18
Montserrat,"Julieta Ulanovsky, Sol Matas, Juan Pablo del Peral, Jacques Le Bailly",OFL,SANS_SERIF,2011-12-13
Montserrat Alternates,"Julieta Ulanovsky, Sol Matas, Juan Pablo del Peral, Jacques Le Bailly",OFL,SANS_SERIF,2012-10-01
Montserrat Subrayada,Julieta Ulanovsky,OFL,SANS_SERIF,2012-10-01
Moul,Danh Hong,OFL,DISPLAY,2011-03-02
Moulpali,Danh Hong,OFL,DISPLAY,2011-03-02
Mouse Memoirs,Astigmatic,OFL,SANS_SERIF,2012-11-02
Mr Bedford,Sudtipos,OFL,HANDWRITING,2011-11-30
Mr Bedfort,Sudtipos,OFL,HANDWRITING,2012-01-11
Mr Dafoe,Sudtipos,OFL,HANDWRITING,2011-11-30
Mr De Haviland,Sudtipos,OFL,HANDWRITING,2011-11-30
Mrs Saint Delafield,Sudtipos,OFL,HANDWRITING,2012-01-11
Mrs Sheppards,Sudtipos,OFL,HANDWRITING,2011-11-30
Mukta,Ek Type,OFL,SANS_SERIF,2017-01-26
Mukta Mahee,Ek Type,OFL,SANS_SERIF,2017-05-19
Mukta Malar,Ek Type,OFL,SANS_SERIF,2017-02-13
Mukta Vaani,Ek Type,OFL,SANS_SERIF,2016-06-15
Muli,Vernon Adams,OFL,SANS_SERIF,2011-05-25
MuseoModerno,Omnibus-Type,OFL,DISPLAY,2020-05-18
Mystery Quest,Sideshow,OFL,DISPLAY,2012-02-29
Nanum Brush Script,Sandoll Communication,OFL,HANDWRITING,2012-05-09
Nanum Gothic,Sandoll Communication,OFL,HANDWRITING,2012-05-09
Nanum Gothic Coding,Sandoll Communication,OFL,HANDWRITING,2012-05-09
Nanum Myeongjo,Sandoll Communication,OFL,HANDWRITING,2012-05-09
Nanum Pen Script,Sandoll Communication,OFL,HANDWRITING,2012-05-09
NATS,Purushoth Kumar Guttula,OFL,SANS_SERIF,2014-12-10
Neucha,Jovanny Lemonad,OFL,HANDWRITING,2010-09-21
Neuton,Brian Zick,OFL,SERIF,2011-02-09
New Rocker,Impallari Type,OFL,DISPLAY,2012-11-30
News Cycle,Nathan Willis,OFL,SANS_SERIF,2011-04-27
Niconne,Vernon Adams,OFL,HANDWRITING,2011-11-23
Niramit,Cadson Demak,OFL,SANS_SERIF,2018-08-22
Nixie One,Jovanny Lemonad,OFL,DISPLAY,2011-06-21
Nobile,Vernon Adams,OFL,SANS_SERIF,2010-05-10
Norican,Vernon Adams,OFL,HANDWRITING,2012-02-08
Nosifer,Typomondo,OFL,DISPLAY,2011-12-19
Nosifer Caps,Typomondo,OFL,DISPLAY,2011-10-24
Notable,"Eli Block, Hana Tanimura, Noemie Le Coz",OFL,SANS_SERIF,2018-08-03
Nothing You Could Do,Kimberly Geswein,OFL,HANDWRITING,2011-05-11
Noticia Text,JM Solé,OFL,SERIF,2012-02-08
Noto Sans,Google,OFL,SANS_SERIF,2013-02-27
Noto Serif,Google,OFL,SERIF,2013-02-27
Nova Cut,Wojciech Kalinowski,OFL,DISPLAY,2011-03-23
Nova Flat,Wojciech Kalinowski,OFL,DISPLAY,2011-03-23
Nova Mono,Wojciech Kalinowski,OFL,MONOSPACE,2011-03-23
Nova Oval,Wojciech Kalinowski,OFL,DISPLAY,2011-03-23
Nova Round,Wojciech Kalinowski,OFL,DISPLAY,2011-03-23
Nova Script,Wojciech Kalinowski,OFL,DISPLAY,2011-03-23
Nova Slim,Wojciech Kalinowski,OFL,DISPLAY,2011-03-23
Nova Square,Wojciech Kalinowski,OFL,DISPLAY,2011-04-14
NTR,Purushoth Kumar Guttula,OFL,SANS_SERIF,2014-12-10
Numans,Jovanny Lemonad,OFL,SANS_SERIF,2011-08-17
Nunito,Vernon Adams,OFL,SANS_SERIF,2012-08-12
Nunito Sans,Multiple Designers,OFL,SANS_SERIF,2016-10-06
Odibee Sans,James Barnard,OFL,DISPLAY,2019-11-08
Odor Mean Chey,Danh Hong,OFL,DISPLAY,2011-03-02
Offside,Eduardo Tunni,OFL,DISPLAY,2012-10-26
OFL Sorts Mill Goudy TT,Barry Schwartz,OFL,SERIF,2010-05-18
Oldenburg,Nicole Fally,OFL,DISPLAY,2011-12-19
Old Standard TT,Alexey Kryukov,OFL,SERIF,2010-05-18
Oleo Script,soytutype fonts,OFL,DISPLAY,2012-03-29
Oleo Script Swash Caps,soytutype fonts,OFL,DISPLAY,2012-11-12
Oranienbaum,Multiple Designers,OFL,SERIF,2012-08-20
Orbitron,Matt McInerney,OFL,SANS_SERIF,2010-12-15
Oregano,Astigmatic,OFL,DISPLAY,2012-08-13
Orienta,Eduardo Tunni,OFL,SANS_SERIF,2012-09-07
Original Surfer,Astigmatic,OFL,DISPLAY,2011-12-07
Oswald,"Vernon Adams, Kalapi Gajjar, Cyreal",OFL,SANS_SERIF,2012-02-29
Overlock,Dario Manuel Muhafara,OFL,DISPLAY,2011-12-19
Overlock SC,Dario Manuel Muhafara,OFL,DISPLAY,2011-12-19
Overpass,Delve Withrington,OFL,SANS_SERIF,2016-12-02
Overpass Mono,Delve Withrington,OFL,MONOSPACE,2016-12-02
Over the Rainbow,Kimberly Geswein,OFL,HANDWRITING,2011-04-27
Ovo,Nicole Fally,OFL,SERIF,2011-07-20
Oxanium,Severin Meyer,OFL,DISPLAY,2020-01-30
Oxygen,Vernon Adams,OFL,SANS_SERIF,2012-03-29
Oxygen Mono,Vernon Adams,OFL,MONOSPACE,2012-09-08
Pacifico,"Vernon Adams, Jacques Le Bailly, Botjo Nikoltchev, Ani Petrova",OFL,HANDWRITING,2011-03-09
Padauk,SIL International,OFL,SANS_SERIF,2016-11-08
Palanquin,Pria Ravichandran,OFL,SANS_SERIF,2015-01-28
Palanquin Dark,Pria Ravichandran,OFL,SANS_SERIF,2015-01-28
Pangolin,Kevin Burke,OFL,HANDWRITING,2017-02-12
Paprika,Eduardo Tunni,OFL,DISPLAY,2012-10-26
Parisienne,Astigmatic,OFL,HANDWRITING,2012-01-25
Passero One,Viktoriya Grabowska,OFL,DISPLAY,2011-08-31
Passion One,Fontstage,OFL,DISPLAY,2011-12-13
Pathway Gothic One,Eduardo Tunni,OFL,SANS_SERIF,2013-06-05
Patrick Hand,Patrick Wagesreiter,OFL,HANDWRITING,2011-07-06
Patrick Hand SC,Patrick Wagesreiter,OFL,HANDWRITING,2013-02-27
Pattaya,Multiple Designers,OFL,SANS_SERIF,2016-06-20
Patua One,LatinoType,OFL,DISPLAY,2011-12-19
Pavanam,Multiple Designers,OFL,SANS_SERIF,2016-06-20
Paytone One,Vernon Adams,OFL,SANS_SERIF,2011-05-04
Pecita,Phillipe Cochy,OFL,HANDWRITING,2012-05-09
Peddana,Appaji Ambarisha Darbha,OFL,SERIF,2014-12-10
Peralta,Astigmatic,OFL,DISPLAY,2012-07-11
Petit Formal Script,Impallari Type,OFL,HANDWRITING,2012-09-07
Petrona,Ringo Romei,OFL,SERIF,2011-11-02
Phetsarath,Danh Hong,OFL,SERIF,2012-05-18
Philosopher,Jovanny Lemonad,OFL,SANS_SERIF,2011-08-31
Piedra,Sudtipos,OFL,DISPLAY,2011-11-30
Pinyon Script,Nicole Fally,OFL,HANDWRITING,2011-10-12
Pirata One,Multiple Designers,OFL,DISPLAY,2012-10-31
Plaster,Sorkin Type,OFL,DISPLAY,2011-12-13
Play,Jonas Hecksher,OFL,SANS_SERIF,2011-05-04
Playball,TypeSETit,OFL,DISPLAY,2011-12-19
Playfair Display,Claus Eggers Sørensen,OFL,SERIF,2011-11-16
Playfair Display SC,Claus Eggers Sørensen,OFL,SERIF,2012-10-26
Podkova,Cyreal,OFL,SERIF,2011-05-18
Poetsen One,"Rodrigo Fuenzalida, Pablo Impallari",OFL,DISPLAY,2012-09-07
Poiret One,Denis Masharov,OFL,DISPLAY,2012-02-29
Poller One,Yvonne Schüttler,OFL,DISPLAY,2011-09-28
Poly,Nicolás Silva,OFL,SERIF,2011-11-02
Pompiere,Karolina Lach,OFL,DISPLAY,2011-07-20
Ponnala,Appaji Ambarisha Darbha,OFL,DISPLAY,2014-12-10
Pontano Sans,Vernon Adams,OFL,SANS_SERIF,2012-03-14
Poor Story,Yoon Design,OFL,DISPLAY,2018-02-23
Poppins,Indian Type Foundry,OFL,SANS_SERIF,2015-06-03
Porter Sans Block,Tyler Finck,OFL,DISPLAY,2013-12-03
Port Lligat Sans,Tipo,OFL,SANS_SERIF,2012-01-18
Port Lligat Slab,Tipo,OFL,SERIF,2012-01-18
Post No Bills Colombo,Mooniak,OFL,DISPLAY,2017-02-20
Post No Bills Jaffna,Mooniak,OFL,DISPLAY,2017-02-20
Pragati Narrow,Omnibus-Type,OFL,SANS_SERIF,2015-04-22
Prata,Cyreal,OFL,SERIF,2011-09-07
Preahvihear,Danh Hong,OFL,DISPLAY,2011-03-02
Press Start 2P,CodeMan38,OFL,DISPLAY,2012-04-04
Pridi,Cadson Demak,OFL,SERIF,2016-06-20
Princess Sofia,Tart Workshop,OFL,HANDWRITING,2012-02-15
Prociono,Barry Schwartz,OFL,SERIF,2011-08-31
Prompt,Cadson Demak,OFL,SANS_SERIF,2016-06-20
Prosto One,Multiple Designers,OFL,DISPLAY,2012-02-29
Proza Libre,Jasper de Waard,OFL,SANS_SERIF,2016-06-20
PT Mono,ParaType,OFL,MONOSPACE,2012-02-29
PT Sans,ParaType,OFL,SANS_SERIF,2010-09-21
PT Sans Caption,ParaType,OFL,SANS_SERIF,2010-09-21
PT Sans Narrow,ParaType,OFL,SANS_SERIF,2010-09-21
PT Serif,ParaType,OFL,SERIF,2011-02-09
PT Serif Caption,ParaType,OFL,SERIF,2011-02-09
Public Sans,Multiple Designers,OFL,SANS_SERIF,2019-06-07
Puritan,Ben Weiner,OFL,SANS_SERIF,2010-11-30
Purple Purse,Astigmatic,OFL,DISPLAY,2012-11-16
Pushster,Andyj,OFL,DISPLAY,2019-04-01
Quando,Joana Correia,OFL,SERIF,2012-07-10
Quantico,MADType,OFL,SANS_SERIF,2011-12-19
Quattrocento,Impallari Type,OFL,SERIF,2012-03-20
Quattrocento Sans,Impallari Type,OFL,SANS_SERIF,2012-02-15
Questrial,Joe Prince,OFL,SANS_SERIF,2011-08-10
Quicksand,Andrew Paglinawan,OFL,SANS_SERIF,2011-10-19
Quintessential,Astigmatic,OFL,HANDWRITING,2012-11-02
Qwigley,TypeSETit,OFL,HANDWRITING,2011-12-19
Racing Sans One,Impallari Type,OFL,DISPLAY,2012-08-13
Radley,Vernon Adams,OFL,SERIF,2011-12-13
Rajdhani,Indian Type Foundry,OFL,SANS_SERIF,2014-07-09
Rakkas,Zeynep Akay,OFL,DISPLAY,2016-06-20
Raleway,Multiple Designers,OFL,SANS_SERIF,2012-09-07
Raleway Dots,Multiple Designers,OFL,DISPLAY,2012-09-07
Ramabhadra,Purushoth Kumar Guttula,OFL,SANS_SERIF,2014-12-10
Ramaraja,Appaji Ambarisha Darbha,OFL,SERIF,2015-01-08
Rambla,Martin Sommaruga,OFL,SANS_SERIF,2012-10-31
Rammetto One,Vernon Adams,OFL,DISPLAY,2011-11-02
Ranchers,Impallari Type,OFL,DISPLAY,2012-09-07
Ranga,TipTopTyp,OFL,DISPLAY,2015-01-28
Rasa,Rosetta,OFL,SERIF,2016-06-20
Rationale,Cyreal,OFL,SANS_SERIF,2011-08-03
Ravi Prakash,Appaji Ambarisha Darbha,OFL,DISPLAY,2015-01-12
Recursive,"Arrow Type, Stephen Nixon",OFL,SANS_SERIF,2020-05-01
Redacted,Christian Naths,OFL,DISPLAY,2013-09-18
Redacted Script,Christian Naths,OFL,HANDWRITING,2013-09-18
Red Hat Display,MCKL,OFL,SANS_SERIF,2019-04-10
Red Hat Text,MCKL,OFL,SANS_SERIF,2019-04-10
Reem Kufi,"Khaled Hosny, Santiago Orozco",OFL,SANS_SERIF,2016-05-31
Reenie Beanie,James Grieshaber,OFL,HANDWRITING,2010-05-10
Revalia,Multiple Designers,OFL,DISPLAY,2012-03-14
Rhodium Libre,James Puckett,OFL,SERIF,2015-06-03
Ribeye,Astigmatic,OFL,DISPLAY,2011-11-23
Ribeye Marrow,Astigmatic,OFL,DISPLAY,2011-11-23
Righteous,Astigmatic,OFL,DISPLAY,2011-11-23
Risque,Astigmatic,OFL,DISPLAY,2012-11-11
Roboto,"Christian Robertson, Paratype, Font Bureau",OFL,SANS_SERIF,2013-01-09
Rokkitt,Vernon Adams,OFL,SERIF,2011-07-27
Romanesco,Astigmatic,OFL,HANDWRITING,2012-08-13
Ropa Sans,Botjo Nikoltchev,OFL,SANS_SERIF,2012-01-25
Rosario,Omnibus-Type,OFL,SANS_SERIF,2011-09-07
Rosarivo,Pablo Ugerman,OFL,SERIF,2012-03-29
Rouge Script,Sabrina Mariela Lopez,OFL,HANDWRITING,2012-01-11
Rowdies,Jaikishan Patel,OFL,DISPLAY,2019-10-10
Rozha One,Indian Type Foundry,OFL,SERIF,2014-08-13
Rubik,"Hubert and Fischer, Meir Sadan, Cyreal",OFL,SANS_SERIF,2015-07-22
Rubik Mono One,Hubert and Fischer,OFL,SANS_SERIF,2014-05-05
Rubik One,Hubert and Fischer,OFL,SANS_SERIF,2014-05-05
Ruda,Multiple Designers,OFL,SANS_SERIF,2012-01-11
Rufina,Martin Sommaruga,OFL,SERIF,2012-10-31
Ruge Boogie,TypeSETit,OFL,HANDWRITING,2011-12-19
Ruluko,Multiple Designers,OFL,SANS_SERIF,2012-01-11
Rum Raisin,Astigmatic,OFL,SANS_SERIF,2012-11-02
Ruslan Display,Denis Masharov,OFL,DISPLAY,2011-05-18
Russo One,Jovanny Lemonad,OFL,SANS_SERIF,2012-04-04
Ruthie,TypeSETit,OFL,HANDWRITING,2011-12-19
Rye,Nicole Fally,OFL,DISPLAY,2012-08-21
Sacramento,Astigmatic,OFL,HANDWRITING,2012-11-01
Sahitya,Juan Pablo del Peral,OFL,SERIF,2015-06-17
Sail,Miguel Hernandez,OFL,DISPLAY,2011-12-19
Saira,Omnibus-Type,OFL,SANS_SERIF,2016-12-03
Saira Condensed,Omnibus-Type,OFL,SANS_SERIF,2016-12-03
Saira Extra Condensed,Omnibus-Type,OFL,SANS_SERIF,2016-12-03
Saira Semi Condensed,Omnibus-Type,OFL,SANS_SERIF,2016-12-03
Saira Stencil One,"Hector Gatti, Omnibus-Type",OFL,DISPLAY,2019-06-19
Salsa,John Vargas Beltrán,OFL,DISPLAY,2011-10-12
Sanchez,Daniel Hernandez,OFL,SERIF,2012-10-31
Sancreek,Vernon Adams,OFL,DISPLAY,2011-10-12
Sansation,Bernd Montag,OFL,SANS_SERIF,2012-10-18
Sansita,Omnibus-Type,OFL,SANS_SERIF,2016-12-04
Sansita One,Omnibus-Type,OFL,DISPLAY,2011-09-28
Sarabun,Suppakit Chalermlarp,OFL,SANS_SERIF,2013-10-28
Sarala,Andres Torresi,OFL,SANS_SERIF,2015-06-17
Sarina,James Grieshaber,OFL,DISPLAY,2011-12-19
Sarpanch,Indian Type Foundry,OFL,SANS_SERIF,2014-09-03
Scada,Jovanny Lemonad,OFL,SANS_SERIF,2012-07-30
Scheherazade,SIL International,OFL,SERIF,2012-01-18
Scope One,Dalton Maag,OFL,SERIF,2016-06-20
Seaweed Script,Neapolitan,OFL,DISPLAY,2012-02-29
Secular One,Michal Sahar,OFL,SANS_SERIF,2016-06-20
Sedan,Sebastian Salazar,OFL,SERIF,2012-10-31
Sedan SC,Sebastian Salazar,OFL,SERIF,2012-10-31
Sedgwick Ave,Multiple Designers,OFL,HANDWRITING,2017-08-01
Sedgwick Ave Display,Multiple Designers,OFL,HANDWRITING,2017-08-01
Sen,Kosal Sen,OFL,SANS_SERIF,2020-01-17
Sevillana,Brownfox,OFL,DISPLAY,2012-02-22
Seymour One,Vernon Adams,OFL,SANS_SERIF,2012-10-10
Shadows Into Light,Kimberly Geswein,OFL,HANDWRITING,2011-06-08
Shadows Into Light Two,Kimberly Geswein,OFL,HANDWRITING,2012-02-22
Shanti,Vernon Adams,OFL,SANS_SERIF,2011-05-11
Share,Carrois Apostrophe,OFL,DISPLAY,2012-02-08
Share Tech,Carrois Apostrophe,OFL,SANS_SERIF,2012-10-31
Share Tech Mono,Carrois Apostrophe,OFL,MONOSPACE,2012-10-31
Shojumaru,Astigmatic,OFL,DISPLAY,2012-01-25
Short Stack,James Grieshaber,OFL,HANDWRITING,2011-08-17
Shrikhand,Jonny Pinhorn,OFL,DISPLAY,2016-06-20
Siamreap,Danh Hong,OFL,DISPLAY,2011-03-02
Siemreap,Danh Hong,OFL,DISPLAY,2011-04-20
Sigmar One,Vernon Adams,OFL,DISPLAY,2011-05-04
Signika,Anna Giedryś,OFL,SANS_SERIF,2011-11-23
Signika Negative,Anna Giedryś,OFL,SANS_SERIF,2011-11-23
Simonetta,Brownfox,OFL,DISPLAY,2012-04-04
Single Day,DXKorea Inc,OFL,DISPLAY,2018-02-23
Sintony,Eduardo Rodriguez Tunni,OFL,SANS_SERIF,2013-02-27
Sirin Stencil,Cyreal,OFL,DISPLAY,2012-01-18
Sitara,Neelakash Kshetrimayum,OFL,SERIF,2015-06-10
Six Caps,Vernon Adams,OFL,SANS_SERIF,2011-02-16
Skranji,Neapolitan,OFL,DISPLAY,2012-08-21
Slabo 13px,John Hudson,OFL,SERIF,2014-05-30
Slabo 27px,John Hudson,OFL,SERIF,2014-05-30
Smythe,Vernon Adams,OFL,DISPLAY,2011-04-20
Sniglet,Multiple Designers,OFL,DISPLAY,2010-12-15
Snippet,Gesine Todt,OFL,SANS_SERIF,2011-07-20
Snowburst One,Annet Stirling,OFL,DISPLAY,2012-11-26
Sofadi One,Botjo Nikoltchev,OFL,DISPLAY,2012-09-30
Sofia,LatinoType,OFL,HANDWRITING,2011-12-19
Solway,"Mariya V. Pigoulevskaya, The Northern Block",OFL,SERIF,2018-08-06
Sometype Mono,Ryoichi Tsunekawa,OFL,MONOSPACE,2019-09-26
Song Myung,JIKJI,OFL,SERIF,2018-02-23
Sonsie One,Riccardo De Franceschi,OFL,DISPLAY,2012-01-18
Sorts Mill Goudy,Barry Schwartz,OFL,SERIF,2011-09-07
Source Code Pro,Paul D. Hunt,OFL,MONOSPACE,2012-09-20
Source Sans Pro,Paul D. Hunt,OFL,SANS_SERIF,2012-07-31
Source Serif Pro,Frank Grießhammer,OFL,SERIF,2014-05-30
Space Mono,Colophon,OFL,MONOSPACE,2016-06-20
Spartan,"Matt Bailey, Mirko Velimirovic",OFL,SANS_SERIF,2020-01-30
Spectral,Production Type,OFL,SERIF,2017-10-10
Spectral SC,Production Type,OFL,SERIF,2017-10-10
Spicy Rice,Astigmatic,OFL,DISPLAY,2011-12-13
Spinnaker,Elena Albertoni,OFL,SANS_SERIF,2011-09-28
Spirax,Brenda Gallo,OFL,DISPLAY,2011-11-23
Squada One,Joe Prince,OFL,DISPLAY,2011-12-15
Sree Krushnadevaraya,Purushoth Kumar Guttula,OFL,SERIF,2015-01-12
Sriracha,Cadson Demak,OFL,HANDWRITING,2015-07-01
Srisakdi,Cadson Demak,OFL,DISPLAY,2018-08-22
Staatliches,"Brian LaRossa, Erica Carras",OFL,DISPLAY,2018-12-10
Stalemate,Astigmatic,OFL,HANDWRITING,2012-11-03
Stalinist One,Multiple Designers,OFL,DISPLAY,2012-08-20
Stalin One,Multiple Designers,OFL,DISPLAY,2012-08-20
Stardos Stencil,Vernon Adams,OFL,DISPLAY,2011-07-06
Stint Ultra Condensed,Astigmatic,OFL,DISPLAY,2011-12-07
Stint Ultra Expanded,Astigmatic,OFL,DISPLAY,2012-02-15
Stoke,Nicole Fally,OFL,SERIF,2012-08-03
Strait,Eduardo Tunni,OFL,SANS_SERIF,2012-10-26
Strong,Gaslight,OFL,SANS_SERIF,2012-05-09
Stylish,AsiaSoft Inc,OFL,SANS_SERIF,2018-02-27
Sue Ellen Francisco,Kimberly Geswein,OFL,HANDWRITING,2011-04-14
Suez One,Michal Sahar,OFL,SERIF,2016-06-20
Sulphur Point,Dale Sattler,OFL,SANS_SERIF,2019-09-25
Sumana,Cyreal,OFL,SERIF,2015-04-29
Sunflower,JIKJISOFT,OFL,SANS_SERIF,2018-02-27
Supermercado One,James Grieshaber,OFL,DISPLAY,2011-11-02
Sura,Carolina Giovagnoli,OFL,SERIF,2015-06-17
Suranna,Purushoth Kumar Guttula,OFL,SERIF,2015-01-12
Suravaram,Purushoth Kumar Guttula,OFL,SERIF,2015-01-12
Suwannaphum,Danh Hong,OFL,DISPLAY,2011-03-02
Swanky and Moo Moo,Kimberly Geswein,OFL,HANDWRITING,2011-04-27
Tajawal,Boutros Fonts,OFL,SANS_SERIF,2018-04-04
Tangerine,Toshi Omagari,OFL,HANDWRITING,2010-06-08
Taprom,Danh Hong,OFL,DISPLAY,2011-03-02
Tauri,Yvonne Schüttler,OFL,SANS_SERIF,2013-02-27
Taviraj,Cadson Demak,OFL,SERIF,2016-06-20
Teko,Indian Type Foundry,OFL,SANS_SERIF,2014-06-25
Telex,Huerta Tipográfica,OFL,SANS_SERIF,2012-01-18
Tenali Ramakrishna,Appaji Ambarisha Darbha,OFL,SANS_SERIF,2014-12-10
Tenor Sans,Denis Masharov,OFL,SANS_SERIF,2011-05-25
Terminal Dosis,Impallari Type,OFL,SANS_SERIF,2011-09-28
Terminal Dosis Light,multiple designers,OFL,SANS_SERIF,2011-03-30
Text Me One,Julia Petretta,OFL,SANS_SERIF,2012-10-31
Thabit,Khaled Hosny,OFL,SERIF,2010-09-21
Thasadith,Cadson Demak,OFL,SANS_SERIF,2018-08-22
The Girl Next Door,Kimberly Geswein,OFL,HANDWRITING,2011-04-20
Tienne,Vernon Adams,OFL,SERIF,2011-07-27
Tillana,Indian Type Foundry,OFL,HANDWRITING,2015-06-03
Timmana,Appaji Ambarisha Darbha,OFL,SANS_SERIF,2015-01-12
Titan One,Rodrigo Fuenzalida,OFL,DISPLAY,2012-01-11
Titillium Web,Multiple Designers,OFL,SANS_SERIF,2012-10-01
Tomorrow,"Tony de Marco, Monica Rizzolli",OFL,SANS_SERIF,2019-10-02
Trade Winds,Sideshow,OFL,DISPLAY,2011-12-19
Trirong,Cadson Demak,OFL,SERIF,2016-06-20
Trocchi,Vernon Adams,OFL,SERIF,2012-04-04
Trochut,Andreu Balius,OFL,DISPLAY,2012-01-18
Trykker,Magnus Gaarde,OFL,SERIF,2011-12-19
Tuffy,Thatcher Ulrich,OFL,SANS_SERIF,2012-05-09
Tulpen One,Naima Ben Ayed,OFL,DISPLAY,2011-08-03
Turret Road,Dale Sattler,OFL,DISPLAY,2019-09-03
Uchen,Christopher J. Fynn,OFL,SERIF,2019-12-07
Uncial Antiqua,Astigmatic,OFL,DISPLAY,2011-12-19
Underdog,Multiple Designers,OFL,DISPLAY,2012-09-23
Unica One,Eduardo Tunni,OFL,DISPLAY,2012-10-26
UnifrakturCook,j. 'mach' wust,OFL,DISPLAY,2010-12-07
UnifrakturMaguntia,j. 'mach' wust,OFL,DISPLAY,2010-11-30
Unlock,Eduardo Tunni,OFL,DISPLAY,2011-11-30
Unna,Omnibus-Type,OFL,SERIF,2011-07-20
Vampiro One,Riccardo De Franceschi,OFL,DISPLAY,2012-11-26
Varela,Joe Prince,OFL,SANS_SERIF,2011-06-29
Varela Round,Joe Prince,OFL,SANS_SERIF,2011-07-13
Varta,Sorkin Type Co,OFL,SANS_SERIF,2015-05-13
Vast Shadow,Nicole Fally,OFL,DISPLAY,2011-10-12
Vesper Libre,Mota Italic,OFL,SERIF,2014-07-14
Viaoda Libre,"Gydient, Vietanh Nguyen",OFL,DISPLAY,2019-11-05
Vibes,AbdElmomen Kadhim (blueMix),OFL,DISPLAY,2019-04-23
Vibur,Johan Kallas,OFL,HANDWRITING,2010-12-15
Vidaloka,Cyreal,OFL,SERIF,2011-08-17
Viga,Fontstage,OFL,SANS_SERIF,2011-12-07
Voces,Multiple Designers,OFL,DISPLAY,2012-02-22
Volkhov,Cyreal,OFL,SERIF,2011-08-17
Vollkorn,Friedrich Althausen,OFL,SERIF,2010-09-08
Vollkorn SC,Friedrich Althausen,OFL,SERIF,2017-09-08
Voltaire,Yvonne Schüttler,OFL,SANS_SERIF,2011-08-17
VT323,Peter Hull,OFL,MONOSPACE,2011-03-02
Waiting for the Sunrise,Kimberly Geswein,OFL,HANDWRITING,2011-04-14
Wallpoet,Lars Berggren,OFL,DISPLAY,2011-04-27
Warnes,Eduardo Tunni,OFL,DISPLAY,2012-09-07
Wellfleet,Riccardo De Franceschi,OFL,DISPLAY,2012-01-11
Wendy One,Alejandro Inler,OFL,SANS_SERIF,2012-12-05
Wire One,Cyreal,OFL,SANS_SERIF,2011-05-18
Work Sans,Wei Huang,OFL,SANS_SERIF,2015-07-08
Yaldevi Colombo,Mooniak,OFL,SANS_SERIF,2017-02-20
Yanone Kaffeesatz,"Yanone, Cyreal",OFL,SANS_SERIF,2010-05-11
Yantramanav,Erin McLaughlin,OFL,SANS_SERIF,2015-06-03
Yatra One,Catherine Leigh Schmidt,OFL,DISPLAY,2016-06-20
Yeon Sung,Woowahan brothers,OFL,DISPLAY,2018-02-23
Yeseva One,Jovanny Lemonad,OFL,DISPLAY,2011-07-13
Yesteryear,Astigmatic,OFL,HANDWRITING,2011-12-19
Yinmar,Danh Hong,OFL,DISPLAY,2016-02-03
Yrsa,Rosetta,OFL,SERIF,2016-06-20
ZCOOL KuaiLe,"Liu Bingke, Yang Kang, Wu Shaojie",OFL,SANS_SERIF,2018-12-05
ZCOOL QingKe HuangYou,Zheng Qingke,OFL,SANS_SERIF,2018-12-05
ZCOOL XiaoWei,Li Dawei,OFL,SANS_SERIF,2018-12-05
Zeyada,Kimberly Geswein,OFL,HANDWRITING,2011-06-08
Zhi Mang Xing,Wei Zhimang,OFL,HANDWRITING,2019-03-18
Zilla Slab,Typotheque,OFL,SERIF,2017-06-28
Zilla Slab Highlight,Typotheque,OFL,DISPLAY,2017-07-26
