lang_name,no_table_data_text,sort_label_text,filter_label_text,search_placeholder_text,page_next_text,page_previous_text,page_numbers_text,page_info_text,page_size_options_text,page_next_label_text,page_previous_label_text,page_number_label_text,page_jump_label_text,page_size_options_label_text
af,Tabel bevat geen data,Sorteer {name},Filtreer {name},Soek,Volgende,Vorige,{page} van {pages},{rowStart}\u2013{rowEnd} van {rows} rye,Wys {rows},Volgende bladsy,Vorige bladsy,Bladsy {page},Gaan na bladsy,Rye per bladsy
agq,Taa yi nji nchuu mbi,Ndob {name} wondi,Nkɔŋ {name},Nyɛ,Ləkəma,Nkɔndɔ,{page} kika {pages},{rowStart}\u2013{rowEnd} na {rows} mbe,Seh {rows},Ghɨmsɨ baa,Pɛɛji nshu,Nyaa {page},Ka bo'o nyen bɔɔl,Wòndò àmà tàŋà
ak,Table nya data,Hwɛ {name} so,Sesa {name},Hwehwɛ,Foforo,Fɛw,{page} wɔ {pages},{rows} bosome {rowStart}\u2013{rowEnd},Kyerɛ {rows},Nea ɔkyerɛw,Kɔ sra,Krataafa {page},Kɔ yɛ nɔ lɛ,Mmɔbɔ kɔ fa
am,ታቦት ምንም መረጃ የሉም,ስትርብ {name},ፋይልታችን {name},ፈልግ,ቀጥል,የተመለስ,{page} ከ {pages},{rowStart}\u2013{rowEnd} እስከ {rows} መደበኛ ቀን,{rows} አርትዕ አሳይ,ቀጣይ ገጽ,የተመለሰ ገጾች,ገፅ {page},ወደ ገጽ ይሂድ,ሥርዓተ መለያዎች በግል መታወቂያ
ar,الجدول لا يحتوي على بيانات,فز {name},تصفية {name},بحث,التالي,السابق,{page} من {pages},{rowStart}\u2013{rowEnd} من {rows} صفوف,إظهار {rows},الصفحة التالية,الصفحة السابقة,الصفحة {page},الانتقال إلى الصفحة,الصفوف في الصفحة الواحدة
as,টেবিলত কোনো তথ্য নাই,{name} সৰ্ট কৰক,{name} ফিল্টাৰ কৰক,অনুসন্ধান,পৰৱৰ্তী,পূৰ্বৱৰ্তী,{page} এৰে {pages}-ৰ,{rowStart}\u2013{rowEnd} পৰা {rows} শাৰীসমূহ,{rows} দেখুৱাওক,পৰৱৰ্তী পৃষ্ঠা,পূৰ্বৱৰ্তী পৃষ্ঠা,পৃষ্ঠা {page},পৃষ্ঠাত যাওক,প্ৰতি পৃষ্ঠাত শাৰীসমূহ
asa,Jedwali halina data,Panga {name},Lɛn {name},Tɛnɛɛ,Ifuatayo,Kabla,{page} ya {pages},{rowStart}\u2013{rowEnd} ya {rows} safu,Kuonyesha {rows},Kurasa ifuatayo,Kurasa kabla,Ukurasa {page},Nenda kwenye ukurasa,Ngwà nà ma'á
ast,La tabla nun tien datos,Clasificar {name},Filtrar {name},Guetar,Próximu,Anterior,{page} de {pages},{rowStart}\u2013{rowEnd} de {rows} files,Amosar {rows},Páxina siguiente,Páxina anterior,Páxina {page},Dirixir a la páxina,Files per páxina
az,Cədvəldə məlumat yoxdur,{name}i sırala,{name} süz,Axtarış,Növbəti,Əvvəlki,Səhifə {page} / {pages},{rows} sətirdən {rowStart}\u2013{rowEnd},{rows} göstər,Növbəti səhifə,Əvvəlki səhifə,Səhifə {page},Səhifəyə get,Sətirlər səhifəyə görə
bas,Nyini na seŋa,Jang {name},Fèyè {name},Kut,Wuli,Suuf,{page} na {pages},{rows} taa {rowStart}\u2013{rowEnd} yɛ́ɛ̀,Wuɛ {rows},Jokkiri wuli,Kurasa kə nəngə,Pɛɛji {page},Hãy về trang,Ngàlí sa mà náa
be,Табліца не змяшчае дадзеных,Сартаваць {name},Фільтраваць {name},Пошук,Наступны,Папярэдні,Старонка {page} з {pages},{rowStart}\u2013{rowEnd} з {rows} радкоў,Паказаць {rows},Наступная старонка,Папярэдняя старонка,Старонка {page},Перайсці на старонку,Радкі па старонцы
bem,Teyabulo tabo,Fwaya {name},Sivula {name},Shimikwa,Nshiku,Efyo mukulu,{page} wa {pages},{rowStart}\u2013{rowEnd} ya {rows} mapinda,Buka {rows},Ichi peshoni,Kupopoka wapya,Peyiji {page},Iyendele kubanja,Imimyalo yamapeji
bez,Komeza hakuna data,Husika {name},Huluka {name},Tafuta,Ifuatayo,Kinyume,{page} ya {pages},{rowStart}\u2013{rowEnd} ya {rows} safu,Onyesha {rows},Kurasa inayofwata,Kurasa iliyopita,Kurasa {page},Enda kwenye ukurasa,Namba ya nyuzi kila ukurasa
bg,Таблицата няма данни,Сортиране по {name},Филтриране по {name},Търсене,Следващ,Предишен,{page} от {pages},{rowStart}\u2013{rowEnd} от {rows} реда,Покажи {rows},Следваща страница,Предишна страница,Страница {page},Отиди на страница,Редове на страница
bm,La table est vide,Kono {name} ko,Kɛlen {name},Ko,Sɛɛrɛɛ ka diiɗo,Sini,{page} sɛbɛ {pages},Tɛ: {rows} dama {rowStart}\u2013{rowEnd},Mɔgɔ {rows},Kalo fila kelen,Folo kɔnɔ,Dɔgɔtɔ {page},Aller à la page,Tògò kɔnɔw bɛ́ kalan
bn,টেবিলে কোন তথ্য নেই,{name} সাজান,{name} ফিল্টার করুন,অনুসন্ধান,পরবর্তী,পূর্ববর্তী,{page} এর {pages},{rows}টি সারির মধ্যে {rowStart}\u2013{rowEnd},{rows} দেখাও,পরবর্তী পৃষ্ঠা,পূর্ববর্তী পাতা,পৃষ্ঠা {page},পৃষ্ঠায় যাও,প্রতি পৃষ্ঠায় সারি
bo,ཐིག་ཁྲམ་གཅིག་མ་གཏོགས།,གནའ་སྡེ་ {name},{name} ཁ་སྐྱོང་པའི་མཉམ་སྤེལ་བཟོ་བ།,འཚོལ་ཞིབ་,རྗེས་སུ་བོད་ཡིག་གི་མདོར་བསྡུ།,མཆོག་པ།,{page} གི {pages},{rows} ཕྱིར་འདེམས་ {rowStart}\u2013{rowEnd},{rows} བརྡ་མཚོ་འདེམ་པ།,ཤུགས་པའི་ཡིག་ཆ།,མཆན་པོ་རྗེས།,ཤོག་གི་ཤུགས་ {page},ཤོག་གི་ཡིག་ཆ་བསྐྱེད།,རང་གི་ཡིག་ཚགས་མདུན་སྒྲིག་པ།
br,N'eus ket titouroù eus ar stlenn,Sevel {name},Sillañ {name},Klask,War-lerc'h,A-raok,{page} eus {pages},{rowStart}\u2013{rowEnd} a-benn {rows} rannvouezh,Diskouezit {rows},Pajenn war-lerc'h,Pajenn a-raok,Pajenn {page},Mont war-zu ar bajenn,Linennou dre bajenn
brx,खुणखुणीयां मूल्य नाहीं,{name} जबाबदारी दर्शाओ,{name} ফিল্টার,Jwingnai,अर्को,Purbe,{page} এটা {pages}-ৰ,{rowStart}\u2013{rowEnd} от {rows} радкоў,{rows} फांस,Tikana pele,Mukhya panna,पृष्ठ {page},पृष्ठला जा,ꯏꯨꯝꯁ ꯃꯥ ꯃꯌꯥꯏꯄ ꯍꯧ
bs,Tabela nema podataka,Sortiraj {name},Filtriraj {name},Pretraga,Sljedeći,Prethodni,{page} od {pages},{rowStart}\u2013{rowEnd} od {rows} redova,Prikaži {rows},Sljedeća stranica,Prethodna stranica,Stranica {page},Idi na stranicu,Redovi po stranici
ca,La taula no té dades,Ordena per {name},Filtrar per {name},Cerca,Següent,Anterior,{page} de {pages},{rowStart}\u2013{rowEnd} de {rows} files,Mostra {rows},Pàgina següent,Pàgina anterior,Pàgina {page},Anar a la pàgina,Files per pàgina
ccp,ᱢᱤᱞᱟᱜᱼᱟ ᱠᱟᱶᱟ ᱚᱨᱛᱟ ᱨᱮ ᱡᱟᱱᱟᱣᱤ,{name} ᱥᱟᱹᱨᱥᱤ ᱚᱨᱛᱟ,{name} ᱯᱩᱨᱟᱭᱤ ᱚᱨᱛᱟ,ᱥᱮᱨᱟᱭᱟᱢ,ᱢᱨᱟᱱᱤ,ᱨᱟᱹᱨᱤᱱ,{page} ᱨᱮ ᱚᱨᱛᱟ {pages},{rowStart}\u2013{rowEnd} ᱠᱟᱶᱟ {rows} ᱨᱮ ᱥᱮᱨᱟᱭᱟᱢ,ᱥᱮᱨᱟᱭᱟᱢ ᱠᱟᱹᱨᱥᱤ ᱚᱨᱛᱟ {rows},ᱢᱨᱟᱱᱤ ᱨᱮ ᱚᱨᱛᱟ,ᱨᱟᱹᱨᱤᱱ ᱨᱮ ᱚᱨᱛᱟ,ᱨᱮ ᱡᱟᱱᱟᱣᱤ {page},ᱨᱮ ᱥᱟᱭᱨᱥᱤ ᱨᱮ ᱡᱟᱱᱟᱣᱤ,ᱨᱮ ᱢᱤᱞᱟᱜᱼᱟ ᱥᱮᱨᱟᱭᱟᱢ
ce,ХӀажар не ю рай,{name} ловкъ,{name} фильтр,Къайла,Йолуш,ДIуьхьара,{page} ба {pages}-ийн,{rowStart}\u2013{rowEnd} доьлжа {rows}-та,{rows}-кхо болу,ХӀажо страница,Къалдама страница,Бет {page},Страница хийцар,Керла матта дуьйца боьрта
ceb,Walay datos ang lamesa,Sort {name},Sang-at sa {name},Pangita,Sunod,Una sa una,{page} sa {pages},{rowStart}\u2013{rowEnd} sa {rows} nga mga laray,Ipakita {rows},Sunod nga panid,Nahibalik nga panid,Pahina {page},Adto sa panid,Mga row matag panid
cgg,Tebuula terina obutatizi,Kulaba {name},Saba {name},Kuguma,Ensiimu,Kukyala,{page} ya {pages},{rowStart}\u2013{rowEnd} ya {rows} ebyobulamu,Ebituufu {rows},Oluvanyuma olw'omu,Kurasa ebiwangwa,Kurupi {page},Genda mu kurasa,Ebikolwa ebirina mu lupapula
chr,ᏕᏓᏁᎸᎢ ᎠᏎᏢᎢ,{name} ᏙᏓᎸᏗᎢ,{name} ᏟᎡᎬᎠᎪᎬᏒ,ᏗᏓᏓᎿᏗ,ᏧᏙᎴᏅᏓ,ᎤᏕᏘᏴᏌᏗ,{page} ᎤᏙᏪᎸ {pages} ᎪᏪᎵ,{rows} ᎢᏳᎾᏛᏁᎸᎢ {rowStart}\u2013{rowEnd},ᎢᎬᏱ {rows},ᎡᎳᏗ ᎤᏩᏒ,ᎤᏕᏘᏴᏌᏗ ᎤᏠᏱᏍᏗ,ᎤᏪᏥ {page},ᏗᎧᏃᏗ ᎠᏍᏓᏩᏛᏗ,ᎠᏴᏓᏛᏛᏗ ᏂᎦᏓ
ckb,خشتەی سەرجەم داتا نییە,Sort {name},{name} پاڵاوکردن,ᱥᱟᱱᱛᱟᱲ,Дараа,Kui,{page} из {pages},{rowStart}\u2013{rowEnd} لە {rows} ڕیزەکاندا,{rows} پیشانبدە,پەڕەی دواتر,پەڕەی پێشوو,پەڕە {page},بڕۆ بۆ پەڕە,ڕیزی ڕیزە کردن
cs,Tabulka neobsahuje žádná data,Řadit podle {name},Filtrovat podle {name},Hledat,Další,Předchozí,{page} z {pages},{rowStart}\u2013{rowEnd} z {rows} řádků,Zobrazit {rows},Další stránka,Předchozí strana,Strana {page},Přejít na stránku,Řádků na stránku
cy,Nid oes data ar y tabl,Trefnu {name},Hidlo {name},Chwilio,Nesaf,Blaenorol,{page} o {pages},{rowStart}\u2013{rowEnd} o {rows} rhesi,Dangos {rows},Y dudalen nesaf,Tudalen flaenorol,Tudalen {page},Mynd i dudalen,Rhestrau fesul tudalen
da,Tabellen indeholder ingen data,Sorter efter {name},Filtrér efter {name},Søg,Næste,Forrige,{page} af {pages},{rowStart}\u2013{rowEnd} af {rows} rækker,Vis {rows},Næste side,Forrige side,Side {page},Gå til side,Rækker pr. side
dav,Meza hauna data,Soratia {name},Sagia {name},Kutafuta,Mbere,Kwenye,{page} ya {pages},{rowStart}\u2013{rowEnd} ya {rows} marachoni,Onyesha {rows},Kurasa ya mbere,Kurasa iyooye,Kujira {page},Oduka kujira,Mirengo ya ng'ombe kila ukurasa
de,Die Tabelle enthält keine Daten,Nach {name} sortieren,Filtern nach {name},Suche,Weiter,Zurück,{page} von {pages},{rowStart}\u2013{rowEnd} von {rows} Zeilen,Zeige {rows},Nächste Seite,Vorherige Seite,Seite {page},Zur Seite gehen,Zeilen pro Seite
dje,Ji taabule kaɓirɗe ma,Soye {name},Ji taabule kaɓirɗe {name},Nuna,Këna,Daga,{page} ga {pages},{rowStart}\u2013{rowEnd} ga {rows} fasara,Nii {rows} fa,Sahada kodi,Kurasa ya gobarar,Paje {page},Yi hanyar sauri,Niima ceeri kulaar
doi,टेबल में कोई डेटा नहीं हैं,{name} सॉर्ट करें,{name} फिल्टर करें,ਖੋਜ,अगला,आगा,{page} ਦੇ {pages} ਵਿੱਚ,{rowStart}\u2013{rowEnd} दे {rows} पंक्तियाँ,{rows} ਨੂੰ ਦਿਖਾਓ,ਅਗਲਾ ਸਫ਼ਾ,ਪਿਛਲਾ ਸਫ਼ਾ,ਸਫ਼ਾ {page},ਸਫ਼ਾ ਵੱਲ ਜਾਓ,प्रति पन्ने लाइनें
dsb,Tabulka njema datow,{name} narańkować,Filtrować po {name},Pytaś,Dalši,Předchadźajoći,{page} z {pages},{rowStart}\u2013{rowEnd} z {rows} rjadkow,Wudźa {rows},Dalša strona,Předchadźajuca strona,Strona {page},Do strony přejść,Rědkow na stronje
dua,Taebl nuna njoŋ,Nji {name} mɛ,Filtrer {name},Njwɛ,Ngeyem,Kɛɛ́ɗɔ́ɔ̀,{page} na {pages},{rowStart}\u2013{rowEnd} na {rows} nkɔɔntɔ,Nyɛ {rows},Ku nɔmbɔ njaŋɛ,Ngie kɛ mbele,Leb {page},Kɔɔna bɛ̌ ńda,Njama'a kɔntɔŋ kila pɛjɛ
dyo,Tabal yi dëkkal,Jot {name},Filtiri {name},Jang,Li mu neex,Yow,{page} ci {pages},{rowStart}\u2013{rowEnd} nga {rows} row,Wone {rows},Jot na,Jëfandikukat,Fukk {page},Jot ci biir,Gëstu jéemaanu kënjëëlu fof
dz,ཐིག་ཁྲམ་འདི་གཅིག་མ་ཡིན་པའི་ཡོད་པའི་ཚད་གཞི་འདུག,{name} བཙུགས་པའི་རིམ་ལུགས་,{name} ནང་དོན་བཟོ་བ།,འཚོལ་ཞིབ་,འཛོམས་སུ་བོད་ཡིག་གི་མདོར་བསྡུ།,སྔོན་བྱེད།,{page} ནས {pages} གནས་,{rowStart}\u2013{rowEnd} ནང {rows} ལཱ་ཡུད་,{rows} སྟོན་པའི་བོད་ཡིག་འདེམ་པར་སྟེ།,ཤུགས་པའི་ཡིག་ཆ་བརྗོད་པ།,ཧེ་མ་ལས་པའི་ནང་དོན།,ཤུགས་ {page},ཤོག་གི་ཡིག་ཆ་ཕྱོགས།,དཀར་ཆག་རང་གི་ཡིག་ཚགས་གནང་རོགས།
ebu,Kuna hayo ya kwenye jedwali,Thibitie {name},Chungithia {name},Kũhĩra,Ifuatayo,Itheru,{page} ya {pages},Mibare {rows} ya {rowStart}\u2013{rowEnd},Onesha {rows},Kalya sa uma,Kuyikhaṫa kusukela,Kurasa {page},Nenda kwenye ukurasa,Ng'ombe kila ukurasa
ee,Table nyi nɔlɔi nutifafa,Gbedodo {name},Tso {name},Kple,Dzigbordi,Kɔ dzi,{page} le {pages},{rowStart}\u2013{rowEnd} kple {rows} dometɔwo,Kple {rows} sia,Dedeɛwo ƒe ŋkɔ,Kɔ ɖe ŋkɔna,Dede {page},Gaa le lɔ̃,ŋutɔwoe sia page
el,Ο πίνακας δεν περιέχει δεδομένα,Ταξινόμηση κατά {name},Φιλτράρισμα ανά {name},Αναζήτηση,Επόμενος,Προηγούμενος,{page} από {pages},{rowStart}\u2013{rowEnd} από {rows} σειρές,Εμφάνιση {rows},Επόμενη σελίδα,Προηγούμενη σελίδα,Σελίδα {page},Μετάβαση στη σελίδα,Γραμμές ανά σελίδα
en,Table has no data,Sort {name},Filter {name},Search,Next,Previous,{page} of {pages},{rowStart}\u2013{rowEnd} of {rows} rows,Show {rows},Next page,Previous page,Page {page},Go to page,Rows per page
eo,La tabelo ne enhavas datumojn,Ordigu laŭ {name},Filtri laŭ {name},Serĉi,Sekva,Antaŭa,{page} el {pages},{rowStart}\u2013{rowEnd} el {rows} linioj,Montru {rows},Sekva paĝo,Antaŭa paĝo,Paĝo {page},Iri al paĝo,Vicoj po paĝo
es,La tabla no tiene datos,Ordenar por {name},Filtrar por {name},Buscar,Siguiente,Anterior,{page} de {pages},{rowStart}\u2013{rowEnd} de {rows} filas,Mostrar {rows},Siguiente página,Página anterior,Página {page},Ir a la página,Filas por página
et,Tabelis pole andmeid,Sorteeri {name} järgi,Filtreeri {name} järgi,Otsi,Järgmine,Eelmine,{page} / {pages}-st,{rowStart}\u2013{rowEnd} {rows} reast,Näita {rows},Järgmine leht,Eelmine leht,Lehekülg {page},Mine lehele,Ridu lehe kohta
eu,Taulak ez du daturik,{name}ren arabera ordenatu,Iragazi {name} arabera,Bilatu,Hurrengoa,Aurrekoa,{page}-(e)ren {pages}-tik,{rowStart}\u2013{rowEnd} {rows} lerroetatik,{rows} erakutsi,Hurrengo orria,Aurreko orrialdea,Orrialdea {page},Joan orrialdera,Lerroak orrialde bakoitzean
ewo,Ngandi ñe table môan nja,Hɔnd {name} yé,Pɛsi {name},Hóó,Ntɛ́n,Ndzi,{page} a {pages},{rows} à {rowStart}\u2013{rowEnd} mva,Mone {rows},Ngane wogono,Ngɔn a mbele,Pahín {page},Nde mba'ane mba'ane,Minyango ya ndolo mebe'a meko
fa,جدول داده‌ای ندارد,مرتب سازی بر اساس {name},فیلتر {name},جستجو,بعدی,قبلی,{page} از {pages},{rowStart}\u2013{rowEnd} از {rows} سطر,نمایش {rows},صفحه‌ی بعدی,صفحه قبلی,صفحه {page},رفتن به صفحه,ردیف در هر صفحه
ff,Tabal yi maa joxo,Sarno {name},Yeesi {name},Yiylo,Jàngtiné,Sare,{page} ci {pages},{rowStart}\u2013{rowEnd} ci {rows} suuf,Uddit {rows},Jëfandikoo tànnol,Kuɓɛɓɛ ndijinaandi,Xët {page},Yeeso lekk,Seddooje yu ndee
fi,Taulukko ei sisällä tietoja,Lajittele {name}-kentän mukaan,Suodata {name},Hae,Seuraava,Edellinen,{page}/{pages},{rowStart}\u2013{rowEnd} / {rows} rivistä,Näytä {rows},Seuraava sivu,Edellinen sivu,Sivu {page},Siirry sivulle,Rivejä per sivu
fil,Walang datos ang lamesa,Iayos ang {name},I-filter ang {name},Maghanap,Susunod,Nakaraan,{page} ng {pages},{rowStart}\u2013{rowEnd} ng {rows} mga hanay,Ipakita ang {rows},Susunod na pahina,Nakaraang pahina,Pahina {page},Pumunta sa pahina,Mga hilera kada pahina
fo,Taflan er tóm,Raðfesta eftir {name},Filtrera eftir {name},Leita,Næsta,Undan,{page} av {pages},{rowStart}\u2013{rowEnd} av {rows} røðum,Vís {rows},Næsta síða,Undanfarna blað,Síða {page},Far til síðu,Raðir per síðu
fr,Le tableau ne contient pas de données,Trier par {name},Filtrer par {name},Rechercher,Suivant,Précédent,{page} sur {pages},{rowStart}\u2013{rowEnd} sur {rows} lignes,Afficher {rows},Page suivante,Page précédente,Page {page},Aller à la page,Lignes par page
fur,La tabel no à datis,Ordinâ par {name},Filtri su {name},Cercjâ,Prossim,Vuart,{page} di {pages},{rowStart}\u2013{rowEnd} di {rows} rigjis,Mostri {rows},Pagjine seguente,Pagjine prinzipâl,Pagjine {page},Va a la pagjine,Fileis par pagjine
fy,De tabel hat gjin gegevens,Sortearje nei {name},Fylterje op {name},Sykje,Folgjende,Foarige,{page} fan {pages},{rowStart}\u2013{rowEnd} fan {rows} rigen,{rows} sjen,Folgjende side,Foarige side,Side {page},Gean nei side,Rigen per side
ga,Níl aon sonraí sa tábla,Sórtáil de réir {name},Scagaire {name},Cuardaigh,Ar Aghaidh,Roimhe seo,{page} as {pages},{rowStart}\u2013{rowEnd} de {rows} sraitheanna,Taispeáin {rows},An leathanach seo chugainn,Leathanach roimhe seo,Leathanach {page},Téigh go dtí leathanach,Ráithe ar gach leathanach
gd,Cha chòrd e ris gu bheil aon dhàta anns an taigh-staile,Sreath {name},Cuir sguir air {name},Sgùr,An Ath-sgeul,Roimhe,{page} de {pages},{rowStart}\u2013{rowEnd} de {rows} raonan,Seall {rows},An duilleag air ais,An duilleag roimhe seo,Duilleag {page},Rach gu duilleag,Rangachdan air gach duilleag
gl,A táboa non ten datos,Ordenar por {name},Filtrar por {name},Buscar,Seguinte,Anterior,{page} de {pages},{rowStart}\u2013{rowEnd} de {rows} filas,Amosar {rows},Páxina seguinte,Páxina anterior,Páxina {page},Ir á páxina,Filas por páxina
gsw,D'Tabelle het kaii Date,Sortiere no {name},Filtriere no {name},Sueche,Nächschti,Vorherige,{page} vo {pages},{rowStart}\u2013{rowEnd} vo {rows} Ryyge,Zeig {rows},Nächscht Syte,Vorigi Syte,Sita {page},Zur Sita goh,Ryyge pro Syte
gu,ટેબલમાં કોઈ ડેટા નથી,{name} ને ક્રમબદ્ધ કરો,{name} ફિલ્ટર કરો,શોધો,આગામી,પહેલાનું,{page} ની {pages},{rows} પંક્તિઓમાંથી {rowStart}\u2013{rowEnd},{rows} બતાવો,આગામી પૃષ્ઠ,પાછળનો પેજ,પૃષ્ઠ {page},પૃષ્ઠને જાઓ,પ્રતિ પૃષ્ઠે પંક્તિઓ
guz,Meza haina data,Siria {name},Egeta {name},Gwata,Erokamano,Chunya,{page}/{pages},{rowStart}\u2013{rowEnd} ya {rows} saboti,Onsongo {rows},Kurasa inayo,Kurasa kabla,Kurasa {page},Ong'o e págín,Marach y'ekuragati
gv,Cha nel d'dhatayn ayns y thie-tashtey,Sooilltagh le {name},Filtar rish {name},Chyndaa,Ny taishbyney,Roish shoh,{page} jeh {pages},{rows} ronney ny {rowStart}\u2013{rowEnd},Soyr {rows},Ny slyst er-lhiat,Ny slyst roish shen,Pajjil {page},Gow magh dys y chadjinney,Riedyn er kione shliggagh
ha,Tabil yana da bayanai,Sanya {name},Sanya ta {name},Nema,Gaba,Kafin,{page} daga {pages},{rowStart}\u2013{rowEnd} daga {rows} layuka,{rows} nuna,Shafi na gaba,Shafin ƙarshe,Baya {page},Taimaka zuwa shafi,Satuna a kowane shafin
haw,ʻAʻole loaʻa ka papaʻōlelo,Hoʻāʻo ʻia {name},Haʻi ʻia {name},ʻimi,Hopena,Ma mua,{page} o {pages},{rowStart}\u2013{rowEnd} o nā {rows} pihe,Hōʻike i {rows},ʻO ka ʻaoʻao i koe aku,ʻO muaʻi ʻaoʻao,ʻaoʻao {page},E hele i kekahi aoao,Pākuhi ma kila ʻaoʻao
he,הטבלה לא מכילה נתונים,מיין לפי {name},סנן לפי {name},חיפוש,הבא,קודם,{page} מתוך {pages},{rowStart}\u2013{rowEnd} מתוך {rows} שורות,הצג {rows},העמוד הבא,עמוד קודם,עמוד {page},עבור לדף,שורות לעמוד
hi,तालिका में कोई डेटा नहीं है,{name} को क्रमबद्ध करें,{name} को फ़िल्टर करें,खोजें,अगला,पिछला,{page} का {pages} में से,{rows} पंक्तियों में से {rowStart}\u2013{rowEnd},{rows} दिखाएँ,अगला पृष्ठ,पिछला पृष्ठ,पृष्ठ {page},पृष्ठ पर जाएं,प्रति पृष्ठ रोवें
hr,Tablica nema podataka,Sortiraj prema {name},Filtriraj po {name},Traži,Sljedeći,Prethodni,{page} od {pages},{rowStart}\u2013{rowEnd} od {rows} redaka,Prikaži {rows},Sljedeća stranica,Prethodna stranica,Stranica {page},Idi na stranicu,Redovi po stranici
hsb,Tabela njema datow,{name} namakać,Filtrować po {name},Pytać,Dalši,Předchadźający,{page}. z {pages},{rowStart}\u2013{rowEnd} z {rows} rjadkow,Wukazać {rows},Dalša strona,Předchozna strona,Strona {page},K stronje přeći,Rjady na stronje
hu,Az asztal nem tartalmaz adatokat,Rendezés {name}-ra,Szűrés {name} szerint,Keresés,Következő,Előző,{page}/{pages},{rows} sorból {rowStart}\u2013{rowEnd},Mutat {rows},Következő oldal,Előző oldal,Oldal {page},Ugrás az oldalra,Sorok oldalanként
hy,Աղյուսակը չի պարունակում տվյալներ,Դասավորել {name}-ը,{name} ֆիլտր,Որոնում,Հաջորդ,Նախորդ,{page} / {pages},{rows} շարքերից {rowStart}\u2013{rowEnd},Ցուցադրել {rows},Հաջորդ էջ,Նախորդ էջ,Էջ {page},Գնալ էջում,Տողեր էջի մեկնարկի մեջ
ia,Le tabella non ha datos,Ordinar per {name},Filtrar per {name},Cercar,Sequente,Anterior,{page} de {pages},{rowStart}\u2013{rowEnd} de {rows} files,Monstra {rows},Pagina sequente,Pagina precedente,Pagina {page},Ire a pagina,Files per pagina
id,Tabel tidak ada data,Urutkan berdasarkan {name},Saring {name},Cari,Berikutnya,Sebelumnya,{page} dari {pages},{rowStart}\u2013{rowEnd} dari {rows} baris,Tampilkan {rows},Halaman berikutnya,Halaman sebelumnya,Halaman {page},Pergi ke halaman,Baris per halaman
ig,Tèbulụ enweghị data,Hazi {name},Hụ {name},Chọọ,N'ime ọhụrụ,Ọkụkọ nꞌime,{page} nke {pages},{rows} akọkọ {rowStart}\u2013{rowEnd},Nwee {rows} kpọọ,Ọdaa ahụ nke ọzọ,Afọ ọhụrụ,Ụlọ {page},Weghachitere isi aka,Ndi ọkọlọtọ maka njikwa
ii,ꀕꑭꉙꏸ ꏓꂱꀋ ꏃꏈ ꀝꇩꉙ ꁱꂷ,ꎸꄑ {name},ꀕꑭꉙꏸ ꇙꏃ {name},ꆈꌠꉙ,ꎸꄑ,ꆪꉙ,{page}/{pages},{rows} ꀅꑋꆪ {rowStart}\u2013{rowEnd},ꃅꏘ ꑍꅏ {rows} ꃅꏧꅏꅀ,ꏍꉏꃅꏍ,ꀕꋍ ꂵꏂꉌ,ꀕꆳꆲ {page},ꆀꁱꋍ ꂵꉧꀎ,ꆏꁠꑛ ꆚꆒꁱꂷ ꆏꏁꑛ
is,Taflan er tómt,Raða eftir {name},Sía eftir {name},Leita,Næsta,Fyrri,{page} af {pages},{rowStart}\u2013{rowEnd} af {rows} röðum,Sýna {rows},Næsta síða,Fyrri síða,Síða {page},Fara á síðu,Raðir á síðu
it,La tabella non ha dati,Ordina per {name},Filtra per {name},Cerca,Successivo,Precedente,{page} di {pages},{rowStart}\u2013{rowEnd} di {rows} righe,Mostra {rows},Pagina successiva,Pagina precedente,Pagina {page},Vai alla pagina,Righe per pagina
ja,テーブルにデータがありません,{name}で並べ替え,{name}でフィルター,検索,次へ,前へ,{page}/{pages},{rows} 行中 {rowStart}\u2013{rowEnd} 行目,{rows} 表示,次のページ,前のページ,ページ {page},ページに移動,ページごとの行数
jgo,Table na kwə nyama ndəm,Fombe {name},Fɛn {name},Cɔɔ,Nshom mii,Mbeʼndɔ́ɔ̀,{page} a {pages},{rowStart}\u2013{rowEnd} ji {rows} kibanda,La {rows},Ngambe njɔɔm,Nyɛmbe mbuʼ,Nyɛm {page},Wu ngeh nji nguva,Ntsu ya miŋa'a mebe'a meko
jmc,Jedwali halina data,Panga {name},Hulula {name},Chagu,Fuata,Kabla,{page} ya {pages},{rows} ya {rowStart}\u2013{rowEnd} ya mistari,Onyesha {rows},Kurasa Inayofuata,Kurasa ya nyuma,Kurasa {page},Tembelea ukurasa,Mstari kila ukurasa
jv,Tabel ora ana data,Urutna {name},Saring {name},Golèk,Sabanjure,Mundur,{page} saka {pages},{rowStart}\u2013{rowEnd} saka {rows} baris,Tembong {rows},Kaca munggah,Kaca Sadurungé,Kaca {page},Mlebu menyang kaca,Baris sak lembar
ka,ცხრილში არ არის მონაცემები,{name}-ით დახატვა,ფილტრავს {name}-ით,ძებნა,შემდეგი,წინა,{page} სანახავად {pages}-დან,{rowStart}\u2013{rowEnd} {rows} სტრიქონიდან,აჩვენე {rows},შემდეგი გვერდი,წინა გვერდი,გვერდი {page},გადასვლა გვერდზე,ხაზები თითო გვერდზე
kab,Amezruy i d-yellan ara n yimyurar,Sseḥmi-d {name},Sefsex seg {name},Azen,Aɣilas,Aselkim,{page} deg {pages},{rowStart}\u2013{rowEnd} n {rows} tazwart,Seɣ {rows},Aɣbalu n yimeslayen,Aseggas n tala,Asebter {page},Seɣleɣ s wadda,Anwaɣ s yizerfan
kam,Kweetera hakuna data,Kwenyamo {name},Chungulia {name},Kutafuta,Ijue,Ithe,{page} ya {pages},{rowStart}\u2013{rowEnd} ya {rows} maundu,Mbuva {rows},Kurasa inayo,Kurasa Iliyopita,Kurasa {page},Nenda kwenye ukurasa,Mafano kila kurasa
kde,Jedwali halina data,Panga {name},Linga {name},Kutafuta,Kisha,Pakalipoli,{page} ya {pages},{rows} kwa {rowStart}\u2013{rowEnd} ya mashusho,Onyesha {rows},Ukurasa Ufwatavyo,Kurasa ya nyuma,Kurasa {page},Nenda kwenye ukurasa,Viti va kila ukurasa
kea,Mesa kê sta dadu,Ordena pa {name},Filtla pa {name},Buska,Prósimu,Anterior,{page} di {pages},{rowStart}\u2013{rowEnd} di {rows} linhas,Montra {rows},Página próssima,Página anteriór,Pájina {page},Bai pa página,Línias pa págna
kgp,Tablii ma ka ne,Fam {name},Egã {name},Söö,Liwuli,Mbe'aondoo,{page} taa {pages},{rowStart}\u2013{rowEnd} ya {rows} ntsengo,Nɔɔ {rows},Next page,Kɛɛsa kɛ mɛtɔ,Leb {page},Ngɛmɛ́ mɔ́sí,Dzañy ma yxapy
khq,Tabalɛn naanɛ ko a waati,Seernaade {name},Luumen {name},Huda,Galle,Gondii,{page} ko {pages},{rows} tuma {rowStart}\u2013{rowEnd} të foy,Suuɗa {rows},Folonde gooto,Teerendul laamu,Kurzita {page},Yeesi kurkulle,Cimɓe nder ɓale
ki,Meza ni wendo,Ng'arisha {name},Sarira {name},Gũkũyũ,Riria,Kinyume,{page} ya {pages},{rowStart}\u2013{rowEnd} ya maheo {rows},Nî {rows},Kurasa inayofuata,Kurasa ya kabla,Kurasa {page},Ithe ukurasa,Nyahurwo kila kurasa
kk,Кесте деректерді қамтылмайды,{name} бойынша сұрыптау,{name} бойынша сүзгі,Іздеу,Келесі,Алдыңғы,{page} / {pages},{rows} жолдан {rowStart}\u2013{rowEnd},{rows} көрсету,Келесі бет,Алдыңғы бет,Бет {page},Бетке өту,Беттердегі жолдар
kkj,Mbɛ̀ ntéé kɔ́nɔ̀ núù,Tɛmɔ {name},Sɛɛn {name},Nyini,Njamaa,Sɔɔ́ĩ,{page} de {pages},{rowStart}\u2013{rowEnd} kí {rows} tsɔɔ̀,Lom {rows},Fe'enga ya nɔɔnɔ,Kuŋŋiyɛɛl kɛ mɛtɔ,Pɛn {page},Yem nemberi,Lɛki kɛ ɓɛɛnɔ
kl,Tavip ineqqarsimasoq,Ataqqarpoq {name},{name}-sippaat,Ippassaq,Ilaqqip,Imaqa,{page}/{pages}-i,{rowStart}\u2013{rowEnd} av {rows} rækker,Nalunaarut {rows},Qinikkusunngu pisinnaatitaaffeqarfia,Ineqqarsimasoq pillugu,Ataqatigiitsoq {page},Imeqqutigalugu pillugu,Atuutitsivippaat
kln,Tepililishi tilaata,Tangatia {name},Chungulia {name},Kosir,Tulõkõs,Taita,{page} ya {pages},{rowStart}\u2013{rowEnd} ya {rows} sere,Kipto {rows},Kurasa ya eneene,Ng'ambo ya mbere,Epayi {page},Iyandikire kujira,Ngech kila sebet
km,តារាងគ្មានទិន្នន័យ,តម្រៀប​តាម {name},ចម្រៀង {name},ស្វែងរក,បន្ទាប់,មុនដំបូង,{page} នៃ {pages},{rowStart}\u2013{rowEnd} នៃជួរដេក {rows} ជួរ,បង្ហាញ {rows},ទំព័រ​បន្ទាប់,ទំព័រមុន,ទំព័រ {page},ទៅទំព័រ,ជួរដេកក្នុងមួយទំព័រ
kn,ಟೇಬಲ್ ಯಲ್ಲಿ ಯಾವುದೇ ಡೇಟಾ ಇಲ್ಲ,{name} ವನ್ನು ಕ್ರಮಿಸಿ,{name} ಸೋಸಿದಂತೆ ಆಯ್ಕೆಮಾಡಿ,ಹುಡುಕಿರಿ,ಮುಂದಿನ,ಹಿಂದಿನ,{pages}-ಯ {page}-ನ್ನು},{rows} ಸಾಲುಗಳಲ್ಲಿನ {rowStart}\u2013{rowEnd},{rows} ತೋರಿಸಿ,ಮುಂದಿನ ಪುಟ,ಹಿಂದಿನ ಪುಟ,ಪುಟ {page},ಪುಟಕ್ಕೆ ಹೋಗಿ,ಪುಟದ ಕ್ರಮಗಳು
ko,테이블에 데이터가 없습니다,{name} 정렬,{name} 필터,검색,다음,이전,{pages} 중 {page},{rows} 줄 중 {rowStart}\u2013{rowEnd}번째 줄,{rows} 표시,다음 페이지,이전 페이지,페이지 {page},페이지로 이동,페이지당 행 수
kok,तालिकेत कोणताही डेटा नाही,{name} वर्गीकरण,{name} फिल्टर करा,शोध,दुसरो,फाटलेलो,{page} च्या {pages} च्या,{rows} वरील {rowStart}\u2013{rowEnd},{rows} दाखवा,पुढील पान,आदेश पान,पान {page},पानावर जा,पोटांच्यो दर पान
ks,ٹيبل مے کان ڈيٹا ناهیں,{name} آراستھی کرھن,{name} فِلٹَر کَرَن,تلاش,بعدی,پہل,{page} دٕہٕر {pages} دٕٔیٖ,{rowStart}\u2013{rowEnd} دٔ {rows} قطہ,{rows} وچھون,بعدی صفحہ,پوٚٹھ کٔتھ,صفحہ {page},صفحہ بيٹھو,तालिका प्रति पन्नी
ksb,Jedwali halina data,Panga {name},Chuja {name},Kutafuta,Ifuatayo,Iliyopita,{page} ya {pages},{rows} za {rowStart}\u2013{rowEnd} ya mifereji,Onyesha {rows},Kurasa inayofuata,Kurasa ya nyuma,Kurasa {page},Nenda kwenye ukurasa,Mstari kila ukurasa
ksf,Vùù à ndôlô nìì ànà,Doh {name},Yémbé {name},Kɛnɛ,Kɔɔyɔŋ,Pɛsa,{page} na {pages},{rows} zɔŋ {rowStart}\u2013{rowEnd} à ná,Njɛ {rows},Ko'o mbɔnyi,Sɛɛnduɗo-kala,Paa'n {page},Gaañi lekkal,Ndɛmbɛ́nɛ mɛ́bɔ́ na ngon
ksh,Dä Taffel hät kääne Daten,Zomme noh {name},Filtréere noh {name},Söke,Nöhs,Vöruß,{page} vun {pages},{rowStart}\u2013{rowEnd} vun dä {rows} Zeile,Zeisch {rows},Näxte Sigge,Vöruje Sigge,Sigg {page},Zur Sigg noh,Zeile pro Sigg
ku,Tabloya daneyên tên xuyanî kirin tune ye,Li gorî {name} ve,Lêgerîn {name},Lêgerîn,Dûrî,Pêşî,{page}/{pages},{rowStart}\u2013{rowEnd} ji {rows} rîwên,{rows} nîşan bide,Rûpela pêşîn,Rûpelê berê,Rûpel {page},Biçe rûpelê,Rêzên li her peyvînê
kw,Nyns eus data yn y tabel,Talvoudh {name},Sylfa {name},Kewsel,War-lergh,Kynsa,{page} a {pages},{rowStart}\u2013{rowEnd} a-dro dhe {rows} radh,Diskwedh {rows},Folenn war-dhiw,Folenn kynsa,Skeul {page},Gul dhe'n folen,Tewlyn war-bord
ky,Жадыба даталарды көрсөтпөйт,{name} боюнча тизмелөө,{name} боюнча сүзгү,Издөө,Келеси,Алдындагы,{page}/{pages},{rows} жолу {rowStart}\u2013{rowEnd},{rows} көрсөтүү,Кийинки бет,Алдынкы бет,Бет {page},Бетке өтүү,Беттердеги барактар
lag,Jedwali halina data,Panga {name},Chuja {name},Tafuta,Ifuatayo,Kabla ya,{page} ya {pages},{rows} za {rowStart}\u2013{rowEnd} kati za mpande,Onyesha {rows},Kurasa inayofuata,Kurasa ya mbele,Kurasa {page},Enda kwenye ukurasa,Mstari kila ukurasa
lb,D'Tabel enthält keng Donnéeën,Zortéieren no {name},Filter no {name},Sichen,Nächst,Viriicht,{page} vu {pages},{rowStart}\u2013{rowEnd} vu {rows} Reien,Weisen {rows},Nächst Säit,Virege Säit,Säit {page},Zur Säit goen,Reien pro Säit
lg,Tebulu tezikola,Sibwe {name},Senga nga {name},Okuwasa,Enkya,Enkya,{page} mu {pages},{rowStart}\u2013{rowEnd} mu {rows} endagiriro,Londa {rows},Edduka eryʼokwambuka,Edduka lyokka,Olupapula {page},Genda mu lupapula,Ebifa kila mpapula
lkt,Máza yašté yeló,{name} kiŋ he gaži,{name} wóglaka,Wóuŋspe,Wicóni,Wicóihaŋ,{page} of {pages},{rows} okháŋkȟu kiŋ {rowStart}\u2013{rowEnd},{rows} iyélo,Wicayunkapi wahehapi,Wičaƞȟpi wí,Wicaksa {page},Kici kin hehapi,Okhíčhiya tȟawápaha
ln,Table ezali mabé,Sosolá na {name},Futá na {name},Kosala,Ezali kaka ya liboso,Eleki,{page} na {pages},{rowStart}\u2013{rowEnd} ya {rows} makoki,Bakúmisi {rows},Mokɛ́lɛ́ wa libosó elánde,Page précédente,Lokola {page},Kende na page,Mokomi mwa libosó
lo,ຕາແມັດບໍ່ມີຂໍ້ມູນ,ຈັດ​ລຽງ {name},ກັ່ນຕັ້ງ {name},ຄົ້ນຫາ,ຕໍ່ໄປ,ກ່ອນກັບ,{page} ຂອງ {pages},{rowStart}\u2013{rowEnd} ຂອງ {rows} ບໍ່,ສະແດງ {rows},ໜ້າ​ຕໍ່​ໄປ,ໜ້າກ່ອນ,ໜ້າ {page},ໄປໜ້າໜຶ່ງ,ການນັບໂຕ້ສໍາລັບຕອນນີ້
lrc,کورته‌ی داتا نییه,Sɔ́tɔ {name},Fɛlta {name},Sɛrch,Gbar,ዝርዝር,{page} of {pages},{rowStart}\u2013{rowEnd} of {rows} rows,Sho {rows},پشتی دمەزراو,پشتی بتن,پاچه‌ {page},بو تپ وشتن,ستونی بر په‌ژمانه‌
lt,Lentelėje nėra duomenų,Rikiuoti pagal {name},Filtruoti pagal {name},Ieškoti,Kitas,Ankstesnis,{page} iš {pages},{rowStart}\u2013{rowEnd} iš {rows} eilučių,Rodyti {rows},Kitas puslapis,Ankstesnis puslapis,Puslapis {page},Eiti į puslapį,Eilutės puslapyje
lu,Tábulu tèkèlè,Sosolola mu {name},Loya na {name},Peta,Mpeve,Mpɔ́ɔ́ni,{page} ya {pages},{rows} mu {rowStart}\u2013{rowEnd},Kóká {rows},Lupapulu ufu,Pene ya mbala,Lupapula {page},Kuélu mpe mpe,Mipande ya kila ukurasa
luo,Nyakalaga nyinge kendo,Wandiko {name},Ochake {name},Gworo,Nyathi,Nyasaye,{page} ka {pages},{rows} gi {rowStart}\u2013{rowEnd},Pe {rows},Poko duto,Kamano ka neno,Dwe {page},Odhiambo ka piny,Wach piny koro
luy,Kahawa ina data,Sorata {name},Khusia {name},Schenya,Ifuatayo,Mbele,{page} ya {pages},{rowStart}\u2013{rowEnd} ya {rows} tsundu,Ongelesa {rows},Kurasa ya mbere,Kurasa kabla,Kurasa {page},Enda kwenye ukurasa,Mafumbo kila khati
lv,Tabulā nav datu,Kārtot pēc {name},Filtrēt pēc {name},Meklēt,Nākamais,Iepriekšējais,{page} no {pages},{rowStart}\u2013{rowEnd} no {rows} rindām,Rādīt {rows},Nākamā lapa,Iepriekšējā lapa,Lapa {page},Iet uz lapu,Rindas uz lapu
mai,टेबल में कोई डेटा नहीं है,{name} को छाँटेर क्रमबद्ध गरी दें,{name} छान्‍नुहोस्,खोज,अगला,पिछला,{page} के {pages} में,{rowStart}\u2013{rowEnd} के {rows} पंक्ति से,{rows} देखाउनुहोस्,अगला पृष्ठ,पिछला पृष्ठ,पृष्ठ {page},पृष्ठ पर जाएं,पृष्ठ प्रति पंक्तियाँ
mas,Meza ina data,Pangusa {name},Chuja {name},Kutafuta,Olotuno,Ilaiti,{page} ya {pages},{rowStart}\u2013{rowEnd} ya {rows} kuterwa,Somonie {rows},Kurasa inayofuata,Lerash mibei,Oloolopil {page},Kwenda kwenye ukurasa,Ntobo kapena olutuka enkata
mer,Teibolu hauna data,Kurutu {name},Sagia {name},Kukhuza,Mbeu,Kũtherera,{page} ya {pages},{rowStart}\u2013{rowEnd} ya matawi {rows},Kwonya {rows},Kurasa inayofuata,Kurasa ya mbele,Kurasa {page},Kwenda kwenye ukurasa,Micene kila nkugorio
mfe,Tab-la pa kontan okenn done,Tir {name},Filtre lor {name},Cherch,Prochen,Presezan,{page} lor {pages},{rowStart}\u2013{rowEnd} dan {rows} linn,Montre {rows},Laprosenn swivan,Paz-precedan,Paz {page},Alé lorz lapaz,Lignes par page
mg,Tsy misy angona ao amin'ny tabilao,Soraty eo amin'{name},Fivarotana amin'ny {name},Fidio,Manaraka,Taloha,{page} avy amin'i {pages},{rowStart}\u2013{rowEnd} avy amin'ny {rows} filaosy,Aseho {rows},Fanjary manaraka,Pejy teo aloha,Pejy {page},Miverina ao amin'ny pejy,Lohateny etsy ambony fihirana
mgh,Meza hauna data,Lombelela {name},Vula {name},Thera,Ufwamwenge,Lɛɛli,{page} lya {pages},{rowStart}\u2013{rowEnd} ya {rows} mafuwa,Fambisa {rows},Xongelelo xa wun'we,Kurasa ya kwanza,Hɛɛyɛ {page},Kwenda kwenye ukurasa,Ntumbuluko ya kila papira
mgo,Ndolèli ya kudatamo,Hoyehia {name},Sékin {name},Nyɛm,Ndolo,Ɖɔɔ,{page} ńe {pages},{rowStart}\u2013{rowEnd} na {rows} məzú ɗów,Nyuu {rows},Ngehe sida,Nyɛmbe mbuʼ,Paa {page},Wuwoñëla e págín,Nɛ́mbɔ́ na nguŋgalɛ
mi,Kaore he raraunga i roto i te ripanga,Tiritahi {name},Tātari {name},Rapua,Panuku,I mua,{page} o {pages},{rowStart}\u2013{rowEnd} o nga {rows} rarangi,Whakaatu {rows},Whārangi e mua ake nei,Whārangi o mua,Whārangi {page},Haere ki te whārangi,Rārangi mō ia whārangi
mk,Табелата нема податоци,Сортирај според {name},Филтрирај по {name},Пребарување,Следно,Претходен,{page} од {pages},{rowStart}\u2013{rowEnd} од {rows} редици,Прикажи {rows},Следна страница,Претходна страница,Страница {page},Оди на страница,Редови по страница
ml,ടേബിളിൽ ഡാറ്റ ഇല്ല,{name} പിന്തുടരുക,{name} വിടുക,തിരയൽ,അടുത്തത്,മുൻപുള്ള,{page} ഓഫ് {pages},{rowStart}\u2013{rowEnd} ന്റെ {rows} വരികളിൽ,{rows} കാണിക്കുക,അടുത്ത പേജ്,മുൻപത്തെ പേജ്,പേജ് {page},പേജിലേക്ക് പോവുക,പേജുകളിൽ വരികൾ
mn,Хүснэгт мэдээлэл алга,{name} -р сор,{name}-р шүүх,Хайх,Дараах,Өмнөх,{pages}-н {page},{rows} мөрөөс {rowStart}\u2013{rowEnd},{rows} харуулах,Дараагийн хуудас,Өмнөх хуудас,Хуудас {page},Хуудас руу очих,Хуудсын мөрнүүд
mni,টেবিলত নিঙালা নাইবে,{name} लोबद्रें,{name} ফিল্টার চেয়া,লৈবাকল,পানফাংগ,মানকং,{pages} এবং {page} নাং,{rowStart}\u2013{rowEnd} ꯍꯦꯝꯂꯦꯟꯕꯁ ꯅꯤꯖꯤꯡꯁ ꯍꯩꯄꯥꯕ,দেখাওক {rows},পানবিপুল,মাঝাপোকপী পান,ꯃꯤꯇꯩ ꯊꯤꯜ {page},ꯍꯤꯛ ꯍꯦꯝ,ꯁꯤꯡꯁꯤꯡꯕ ꯋꯥꯡꯂꯤ ꯊꯤꯛꯄꯠ
mr,टेबलमध्ये डेटा नाही,{name} वर्गीकरण करा,{name} फिल्टर करा,शोध,पुढे,आधीचे,{page} च्या {pages} मध्ये,{rows} ओळीतील {rowStart}\u2013{rowEnd},{rows} दाखवा,पुढील पृष्ठ,मागील पृष्ठ,पृष्ठ {page},पृष्ठावर जा,प्रत्येक पृष्ठावरील पंक्ती
ms,Tiada data dalam jadual,Isihkan mengikut {name},Tapis {name},Cari,Seterusnya,Sebelumnya,{page} daripada {pages},{rowStart}\u2013{rowEnd} daripada {rows} baris,Tunjukkan {rows},Laman seterusnya,Halaman sebelumnya,Halaman {page},Pergi ke halaman,Baris setiap halaman
mt,It-tabella m'għandhiex data,Sorti skont {name},Filtraw skond {name},Fittex,Li jmiss,Preċedenti,{page} minn {pages},{rowStart}\u2013{rowEnd} minn {rows} sular,Uri {rows},Paġna li Jmiss,Paġna Preċedenti,Paġna {page},Mur għajnuna għall-paġna,Saffi fil-paġna
mua,Meza hauna data,Nyɛzɛnɛ {name},Ntɛɛn {name},Wɛɛndɛ,Neegula,Lumɔɔni,{page}/{pages},{rowStart}\u2013{rowEnd} a {rows} ngwã,A ti kɨn {rows},Página próxima,Tɛnkɛramɔgɔ la,Tɔɔlɛ {page},Yi ɗum saare,Mbuun kəɗi ŋkaaya
my,ဇယားတစ်ခုကိုဒေတာများမရှိသောအခါ,{name} အတွင်း စီမံပါ,{name} စစ်ထုတ်ပါ,ရှာဖွေရန်,နောက်တခြား,ရွေးလျှောက်,{page}/{pages} မှ,{rows} စာမျက်နှာများကို {rowStart}\u2013{rowEnd} ကြိုတင်,{rows} ပြသပေးပါ,နောက်ဆုံးစာမျက်နှာ,နောက်ဆုံးစာမျက်နှာ,စာမျက်နှာ {page},စာမျက်နှာသို့သွားရန်,စာထွက်များစွာမျက်နှာတစ်ခုတည်း
mzn,جدول شونده دادی نیست,مرتب‌سازی بر پایهٔ {name},{name} سیاه کن,گۆیستن,بعدی,پیشین,{page} دی {pages},{rows} سطر از {rowStart}\u2013{rowEnd},{rows} نشان دادن,صفحه بعدی,صفحهٔ قبلی,صفحه {page},به بتن برو,ردیفهای هر صفحه
naq,Table ha nawa nawa,Koha {name},Filaata {name},Ondjozi,Omukulugu,Khaeb,{page} / {pages},{rows} zẹ {rowStart}\u2013{rowEnd},Omaa {rows},Ongombe ombili,Ogha a ntsa̲,Sae {page},Ku fikula ekaaro,Riiputa komeho
nb,Tabellen inneholder ingen data,Sorter etter {name},Filtrer etter {name},Søk,Neste,Tidligere,{page} av {pages},{rowStart}\u2013{rowEnd} av {rows} rader,Vis {rows},Neste side,Forrige side,Side {page},Gå til side,Rader per side
nd,Ithabhulohayina idatha,Susa {name},Lungisa ngokushesha {name},Bhala,Iphinde,Kusasa,{page} ka {pages},{rows} kwe {rowStart}\u2013{rowEnd} ezinye,Bonisa {rows},Isikhashana esilandelayo,Iphepha elifasitayo,Phepha {page},Hamba esivakasini,Amakilasi ngaphezulu kwesikhala
nds,De Tabelle hett keen Date,Sorteer noh {name},Filtreren na {name},Söken,Nääste,Vörige,{page} von {pages},{rowStart}\u2013{rowEnd} vun {rows} Reihen,Wiesen {rows},Nächste Siete,Vorherige Siede,Siede {page},Tog se Siede,Reihen per Sied
ne,तालिकामा कुनै डाटा छैन,{name} अनुसार वर्गीकृत गर्नुहोस्,{name} फिल्टर गर्नुहोस्,खोज्नुहोस्,अर्को,पहिलो,{page} को {pages},{rows} मध्य {rowStart}\u2013{rowEnd},{rows} देखाउनुहोस्,अर्को पृष्ठ,अघिल्लो पृष्ठ,पृष्ठ {page},पृष्ठमा जानुहोस्,पृष्ठ प्रति पङ्क्तिहरू
nl,Tabel bevat geen gegevens,Sorteren op {name},Filteren op {name},Zoeken,Volgende,Vorige,{page} van de {pages},{rowStart}\u2013{rowEnd} van de {rows} rijen,Toon {rows},Volgende pagina,Vorige pagina,Pagina {page},Ga naar pagina,Rijen per pagina
nmg,Latabilya alatsaham-pifidianana,Hoyehiia {name},Lɛ́kɛlɛ {name},Ko'o,Sɔ́nɔ́,Vay,{page} avy amin'ny {pages},{rows} ghu {rowStart}\u2013{rowEnd} a mvu,Lèkɛlèkɛ {rows},Fanjakan'ny sabatra,Nyɛmbe mbuʼ,Tɛɛge {page},Mba hihira-pejy,Nkɔndɔ mwa ayi pagi
nn,Tabellen inneheld ingen data,Sorter etter {name},Filtrer etter {name},Søkja,Neste,Førre,{page} av {pages},{rowStart}\u2013{rowEnd} av {rows} rader,Vis {rows},Neste side,Førehandsside,Side {page},Gå til side,Rad per side
nnh,Sɔ́ məɗə njiŋkaanə njiʼəŋ,Nji {name},Fèèn {name},Cə́nə́,Mɛsu,Kó,{page} ɗi {pages},{rowStart}\u2013{rowEnd} na {rows} mbuu,Hɛrɛ {rows},Foləmə,Kurasa ya mbele,Pɛɛji {page},Và àʼtɛ̀ʼ,Njap mɛ́náŋkɔ́ kíŋé
no,Tabellen inneholder ingen data,Sorter etter {name},Filtrer etter {name},Søk,Neste,Tidligere,{page} av {pages},{rowStart}\u2013{rowEnd} av {rows} rader,Vis {rows},Neste side,Forrige side,Side {page},Gå til side,Rader per side
nus,Table apenyo wou,Jwalie {name},Kuöc {name},Cɔ̈c,Ciniif,Lwakni,{page} ku {pages},{rowStart}\u2013{rowEnd} ti {rows} dhieth,Thok {rows},Dhiɛm kaŋ,Dɔɔŋ thok,Duɔr {page},Tuakani e palko,Makic kuɔc kɛ ca̱l
nyn,Tepililoni si haba data,Kwambata {name},Kukkiriza ebyʼ{name},Kurasa,Obulayi,Chete,{page} av {pages},{rowStart}\u2013{rowEnd} ya {rows} emirundi,Nyangize {rows},Oloolondi olukulu,Kuva kwechi,Leb {page},Ondoka kw'iyo,Endagaano za kila mpapula
om,Miidhaan waliin walitti qaban,Sira {name},Fayyadamu {name},Gara,Dura,Itoophiyaa,{page} of {pages},{rows} qabdi {rowStart}\u2013{rowEnd},Kan {rows} qabdu,Fuula dura,Fuula duraa,Fayyaa {page},Galii sa'aatiin,Kaayyoo kutaanii
or,ଟେବଲରେ କୋଣାଣ୍ଟି ତଥ୍ୟ ନାହିଁ,{name} ଅନୁସାରେ କ୍ରମବଦ୍ଧ କରନ୍ତୁ,{name} ଛାଙ୍କା,ଖୋଜିବେ,ପରବର୍ତ୍ତୀ,ପୂର୍ବବର୍ତ୍ତୀ,{page} ଅଧିକାରେ {pages}-ରୁ,{rows} ପଙ୍କ୍ତି ରେ {rowStart}\u2013{rowEnd},{rows} ଦେଖାନ୍ତୁ,ପରବର୍ତ୍ତୀ ପୃଷ୍ଠା,ପୂର୍ବବର୍ତ୍ତୀ ପୃଷ୍ଠା,ପୃଷ୍ଠା {page},ପୃଷ୍ଠାରେ ଯାଉଥିବେ,ପୃଷ୍ଠାର ପଙ୍କ୍ତି
os,Таблицæ фæстæ дæртæ нæйы,{name} æхыстæн сорттæуд,{name}-æф филтр,Хайх,Дигӕйы,Хуызгъон,{page} / {pages},{rowStart}\u2013{rowEnd} фӕстӕр {rows},Æцыг {rows},Следующæйы стæнд,Æндæрæг дивас,Страницæ {page},Беты иу,Рядтæ ӕн страницæ
pa,ਟੇਬਲ ਵਿੱਚ ਕੋਈ ਡਾਟਾ ਨਹੀਂ ਹੈ,{name} ਨੂੰ ਸਾਡੇ ਅਨੁਸਾਰ ਸੋਰਟ ਕਰੋ,{name} ਫਿਲਟਰ ਕਰੋ,ਖੋਜੋ,ਅਗਲਾ,ਪਿਛਲਾ,{page} ਦੇ {pages}-ਵਿੱਚ,{rows} ਕਤਾਰਾਂ ਵਿੱਚੋਂ {rowStart}\u2013{rowEnd},{rows} ਦਿਖਾਓ,ਅਗਲਾ ਪੇਜ,ਪਿਛਲਾ ਸਫ਼ਾ,ਸਫ਼ਾ {page},ਪੰਨੇ 'ਤੇ ਜਾਓ,ਪੰਨੇ ਵਿੱਚ ਕਤਾਰਾਂ
pcm,Tabu No Get Data,Sọt {name},Sift by {name},Find,Nẹkst,Bifọ,{page} Ọf {pages},{rowStart}\u2013{rowEnd} of {rows} ro,Sho {rows},Nẹkst pẹj,Prijos Pék,Pej {page},Gọ tọ pẹj,Row-dem per peji
pl,Brak danych w tabeli,Sortuj według {name},Filtruj według {name},Szukaj,Następny,Poprzedni,{page} z {pages},{rowStart}\u2013{rowEnd} z {rows} wierszy,Pokaż {rows},Następna strona,Poprzednia strona,Strona {page},Idź do strony,Wiersze na stronie
ps,د جدول ته معلومات نشته,{name} په ترتیب کول,{name} سیبسټ کول,لټون کول,بعدی,مخکینی,{page} د {pages},{rows} سطره {rowStart}\u2013{rowEnd},ښکاره کړئ {rows},بلندی پاڼه,مخکې پاڼه,پاڼه {page},لاسته راوړل,سطره غواړه پر پاڼه
pt,A tabela não tem dados,Ordenar por {name},Filtrar por {name},Pesquisar,Próximo,Anterior,{page} de {pages},{rowStart}\u2013{rowEnd} de {rows} linhas,Mostrar {rows},Próxima página,Página anterior,Página {page},Ir para página,Linhas por página
qu,Muk'unaqaqa lliwtaqa kani,{name}paq sipasqa,{name}-kunaq yachachiy,Rimay,Qhipa,Hinaq,{page} de {pages},{rows} qhaway {rowStart}\u2013{rowEnd},Kayna {rows},Qhipa qallariy,Ñawpa p'anqa,P'anqa {page},Pananmi kachun,Pʼanqa kani
rm,La tabella na duai datis,Surtirar secund {name},Filtrar suenter {name},Chatschar,Proxim,Precedent,{page} da {pages},{rowStart}\u2013{rowEnd} da {rows} radundas,Muss {rows} a,Proxima stad,Pagina precedenta,Page {page},Ir a la pagina,Randas per pagina
rn,Teyiburu ntibaho,Kuranga {name},Hindura kuri {name},Kugura,Kuva,Icyumweru,{page} ya {pages},{rows} muri {rowStart}\u2013{rowEnd},Raba {rows},Ibindi iheruka,Ikurasa ry'umwanya wundi,Ikiganiro {page},Haza ku wa mpapuro,Indwara zose kuri paji
ro,Tabelul nu conține date,Sortează după {name},Filtrare după {name},Căutați,Următorul,Anterior,{page} din {pages},{rowStart}\u2013{rowEnd} din {rows} rânduri,Arată {rows},Următoarea pagină,Pagina anterioară,Pagină {page},Du-te la pagină,Rânduri pe pagină
rof,Meza hauna data,Lomboleza {name},Chuja kwa {name},Lahisi,Ijumaa,Kabla,{page} ya {pages},{rows} za {rowStart}\u2013{rowEnd},Onyesha {rows},Kurasa ifuatayo,Kurasa ya nyuma,Kurasa {page},Nenda kwenye ukurasa,Nundu zose kila ukurasa
ru,В таблице нет данных,Сортировать по {name},Фильтровать по {name},Поиск,Следующий,Предыдущий,{page} из {pages},{rowStart}\u2013{rowEnd} из {rows} строк,Показать {rows},Следующая страница,Предыдущая страница,Страница {page},Перейти к странице,Строк на странице
rw,Tabeli ntibaho,Kurangiza inyandiko zifatika ku {name},Fungura hagati ya {name},Shaka,Urukundo,Uwo munsi,{page} kuri {pages},{rows} zose {rowStart}\u2013{rowEnd},Subira {rows},Ikiganiro gitandukanye,Kurasa y'umunani,Ibikoresho {page},Ohereza kuri page,Ibikoresho kuri urupapuro
rwk,Tabela haina data,Yunga {name},Wakirira {name},Kugura,Gwingo,Ibutumwa,{page} ya {pages},{rows} ya {rowStart}\u2013{rowEnd},Onesha {rows},Kurasa ifwatayo,Kurasa ya nyuma,Kurasa {page},Enda kwenye ukurasa,Mistari kila ukurasa
sa,तालिकाम् अपि अभावात्,{name} अनुसारः क्रमवर्गीकृतः,{name} छानितुं,खोज्,अग्रणी,पूर्ववत्,{page}/{pages},{rows} सूत्रेषु {rowStart}\u2013{rowEnd},{rows} दर्शय,अग्रिमपृष्ठम्,पूर्वपृष्ठम्,पृष्ठः {page},पृष्ठम् गच्छ,पङ्क्तयः पृष्ठः
sah,Хөтөлбөр иһинээҕитин көрдөрбөтө,{name} өткөрүнө өйдөө,{name} уөтүөрүнэн сүзүө,Ыраас буолуо,Аныгыскы,Алгыс,{page} - {pages} сирэйээх,{rows} сирэйэн {rowStart}\u2013{rowEnd},{rows} көрдөр,Киһи эрэ ыыта,Арах паҕта,Бет {page},Куоппуйахха тускэрэ,Баһа баһаана өтүнэр
saq,Komeza hakuna data,Panga {name},Sagia {name},Kúresa,Kesho,Ng'ama,{page} ya {pages},{rows} ya {rowStart}\u2013{rowEnd},Hiw {rows},Nquruniire kanisa,Sida hore,Kurasa {page},Kwenda kwenye ukurasa,Nondie ti kila ng'ama
sat,ᱟᱨᱤ ᱟᱨᱦᱮᱨ ᱯᱟᱹᱠᱟᱜ ᱠᱟᱹᱠᱤᱠᱞ,{name}ᱥᱟᱱᱛᱟᱲ ᱵᱮᱨᱟᱱᱤᱠᱤ,{name} ᱨᱮᱱᱤᱠᱟᱨᱤᱭᱟᱜ,ᱥᱮᱱᱮ,ᱵᱮᱵᱟ,ᱢᱩᱨᱟᱹ,{page}/{pages} এ,{rows} ᱥᱮᱨᱢ {rowStart}\u2013{rowEnd},{rows} ᱨᱮᱫᱩᱨᱟᱹ,ᱡᱟᱨ ᱜᱩᱱ ᱨᱮᱱᱟ,ᱴᱮᱴ ᱚᱱᱚᱲ,ᱥᱮᱫ {page},ᱥᱟᱹᱛᱩ ᱨᱮᱱᱟᱜ,ᱥᱮᱡᱚᱱᱤ ᱨᱮ ᱥᱟᱹᱠᱷᱟᱨᱩᱣ
sbp,Jedwali halina data,Panga {name},Henga {name},Leta,Ijayo,Kabla,{page} ya {pages},{rows} za {rowStart}\u2013{rowEnd},Onesha {rows},Kurasa inayofuata,Kurasa ya nyuma,Kurasa {page},Nenda kwenye ukurasa,Masharti kila ukurasa
sc,Taula b'at datu,Lòca in base a {name},Filtrai secunnu {name},Cercare,Prossimu,Precedenti,{page} de {pages},{rowStart}\u2013{rowEnd} de su {rows} linias,Bista {rows},Próssima pàgina,Pagina pruscedenti,Pàgina {page},Bài a sa pàgina,Lìneas prus pàgina
sd,ٽيبل کان ڊيٽا ناهي,{name} جي ترتيب ۾ رڳوڻ,{name} فلٽر ڪريو,ڳولڻ,پوءِندو,ماضي,{page} جي {pages},{rows} ٻارين ۾ سانهن {rowStart}\u2013{rowEnd},{rows} ڏسو,اڳيون صفحو,پوئين پانو,صفحو {page},صفحو تي جيڪيو,صفوف فهرست ۾
se,Tabellii lea ealáhusat,Ráđđehit {name} áigodagas,Filteerit {name} dovddu,Oza,Fuhtin,Jaunemearri,{page}. s. {pages}-dohkojuvvon,{rows} radde {rowStart}\u2013{rowEnd},Ovdamearkka {rows},Hin áiggun,Ealáhápmái siste,Searvi {page},Geahččal sivva,Riegádeapmi per saide
seh,Meza hauna data,Sotísa {name},Sunguleni {name},Tseka,Kɨlaa,Mbele,{page} a {pages},{rowStart}\u2013{rowEnd} ku {rows} nyengo,Ku hlawula {rows},Kurasa inayofuata,Kurasa ya lusuku,Kurasa {page},Kwenda kwenye ukurasa,Viti vya kila ukurasa
ses,Mezene kaa ala hoori.,Fuyɛl {name},Sise {name},Hãrãmɔy,Hunaan,Háykiima,{page} tawa {pages},{rows} gɛndɛ {rowStart}\u2013{rowEnd},Fito {rows},Kurasa tɛɛrɛw,Fasara a kofa,Kurasa {page},Yimɓe laabi-ɗi,Tɛrɛyɛ kɛɛri na saanu
sg,Tableau ti ngué ti yé.,Sɔmbɔ {name},Filtrö ti {name},Ko,Mɛ́ɛtɛ,Húndé,{page}/{pages},{rowStart}\u2013{rowEnd} na {rows} kati,Seka {rows},Folômbô ya mbɛɛ,Page précédente,Página {page},Kɔ yi págíin,Lignes par page
si,ටේබලයේ දත්ත නොමැතිවිය නොහැකි අතර වගුවක් නොමැත,{name} අනුව තෝරාගන්න,{name} පෙරහන් කරන්න,සොයන්න,ඊළඟ,පෙර,{page} සඳහා {pages},{rows} පේළියේ {rowStart}\u2013{rowEnd},{rows} පෙන්වන්න,ඊළඟ පිටුව,පෙර පිටුව,පිටුව {page},පිටුවට යන්න,පිටුවේ පේළි
sk,Tabuľka neobsahuje žiadne dáta,Zoradiť podľa {name},Filtrovať podľa {name},Hľadať,Ďalší,Predchádzajúci,{page} z {pages},{rowStart}\u2013{rowEnd} z {rows} riadkov,Zobraziť {rows},Ďalšia strana,Predchádzajúca stránka,Strana {page},Prejsť na stránku,Riadkov na stránku
sl,Tabela nima podatkov,Razvrsti po {name},Filtriraj po {name},Iskanje,Naslednji,Prejšnji,{page} od {pages},{rowStart}\u2013{rowEnd} od {rows} vrstic,Pokaži {rows},Naslednja stran,Prejšnja stran,Stran {page},Pojdi na stran,Vrstice na stran
smn,Taula eai leat datáid,Jarhut {name} jïllem,Filtteret {name} dávvir,Eŋgel,Seäʹmm,Ennen,{page}.{pages}-das,{rows} rivttes {rowStart}\u2013{rowEnd},Näytä {rows},Seuraava ođasmahttá,Enne sivâstus,Ruovttus {page},Máhttu sivulle,Ráddjat sierralas
sn,Table haina data,Rega {name},Shungurudza {name},Shosa,Kudhara,Pedyo,{page} ye {pages},{rows} dzose {rowStart}\u2013{rowEnd},Oneswa {rows},Pedyo pejhi,Kurwadze Kunenge,Peji {page},Enda kusvika pamhepo,Madziro anoita sei kunepeji
so,Maafeysiga ma jiro calaamadaha,Dhisma {name}-ka,Filtir {name},Raadi,Xiga,Hore,{page} ee {pages},{rows} safafka {rowStart}\u2013{rowEnd}aad,Muuji {rows},Bogga xiga,Bogga hore,Bogga {page},Tag boggaga,Safafka bogga
sq,Tabela nuk ka të dhëna,Rendit sipas {name},Filtro sipas {name},Kërko,Pas,I mëparshëm,{page} nga {pages},{rowStart}\u2013{rowEnd} nga {rows} rreshtat,Shfaq {rows},Faqja tjetër,Faqja e mëparshme,Faqja {page},Shko te faqja,Rreshta për faqe
sr,Табела нема података,Сортирај по {name}-у,Филтрирај по {name},Претрага,Следећи,Претходни,{page} од {pages},{rowStart}\u2013{rowEnd} од {rows} редова,Прикажи {rows},Следећа страница,Претходна страница,Страница {page},Иди на страницу,Redovi po stranici
su,Tabel henteu na data,Urutkeun ku {name},Filter ku {name},Sungsi,Susunod,Sateuacan,{page} ti {pages},{rowStart}\u2013{rowEnd} tina {rows} baris,Témbongkeun {rows},Kaca salajengna,Kaca sakitu,Kaca {page},Pikeun ka hiji kaca,Baris ti tiap kaca
sv,Tabellen har ingen data,Sortera efter {name},Filtrera efter {name},Sök,Nästa,Föregående,{page} av {pages},{rowStart}\u2013{rowEnd} av {rows} rader,Visa {rows},Nästa sida,Föregående sida,Sida {page},Gå till sida,Rader per sida
sw,Jedwali haina data yoyote,Panga kwa {name},Chuja kwa {name},Tafuta,Ifuatayo,Kabla,{page} ya {pages},{rowStart}\u2013{rowEnd} ya {rows} safuwima,Onyesha {rows},Ukurasa Ufwatao,Ukurasa uliotangulia,Ukurasa {page},Nenda kwenye ukurasa,Safu kwa kila ukurasa
ta,அட்டவசரம் தரவு இல்லை,{name} பின்வரும் வரிசையில் வைக்கவும்,{name} வடிகட்டு,தேடு,அடுத்து,முந்திய,{page}/{pages},{rows} வரிசைகளில் {rowStart}\u2013{rowEnd},{rows} காண்க,அடுத்த பக்கம்,முந்தைய பக்கம்,பக்கம் {page},பக்கத்திற்கு செல்,பக்கத்திற்கு வரிசைகள்
te,టేబుల్ లో డేటా లేదు,{name} వద్ద వర్గీకరించండి,{name} వడగడం,వెతకండి,తదుపరి,మునుపటి,{page} నుండి {pages} వరకు,{rows} వరుసలులో {rowStart}\u2013{rowEnd},{rows} చూపించు,తదుపరి పేజీ,మునుపటి పేజీ,పేజీ {page},పేజీకి వెళ్ళు,పేజీ వరుసలు
teo,Komeza hakuna data,Lakisa ng'oma {name},Chepka {name},Emeso,Kesho,Kule,{page} kare {pages},{rows} e {rowStart}\u2013{rowEnd},Show {rows},Kurasa inayofuata,Kurasa ya nyuma,Kurasa {page},Kwenda kwenye ukurasa,Emurramu ng'omurundi onekile
tg,Ҷадвали маълумот дорад,Мурвақт кардан ба {name},Филтри кардан бо {name},Ҷустуҷӯ,Пеш,Қаблӣ,{page} аз {pages},{rowStart}\u2013{rowEnd} аз {rows} сатрҳо,Намоиш диҳед {rows},Саҳифаи пеш,Саҳифаи қаблӣ,Саҳифа {page},Ба саҳифа равед,Сатҳҳо дар саҳифа
th,ตารางไม่มีข้อมูล,เรียงลำดับตาม {name},กรองตาม {name},ค้นหา,ต่อไป,ก่อนหน้า,{page}/{pages},{rowStart}\u2013{rowEnd} จากทั้งหมด {rows} แถว,แสดง {rows},หน้าถัดไป,หน้าก่อนหน้า,หน้า {page},ไปที่หน้า,แถวต่อหน้า
ti,ታቦል ምንም መረጃ አይደለም,{name} ምዝገባ ኣብ ዝሓለፈ ኣትክልት ኣይትተረፈሉ,ፊልተር {name},ፍለጋ,ቀዳሚ,ዝሓለፈ,{page} ኣብ {pages},{rows} ዝርዝር {rowStart}\u2013{rowEnd},ስምዕይት {rows},የቀጣይ ገጽ,ምልክታት ከታች,ጽሑፍ {page},ሓበሬታ ቀይሕ ምረጹ,መልእኽቲ ኣቕሓት
tk,Jadygöniň içinde maglumat ýok,{name} boýunça düzmek,{name} boýunça süz,Tap,Indiki,Öňki,{page}/{pages},{rows} sahypa {rowStart}\u2013{rowEnd},Görkez {rows},Indiki sahypa,Öňki sahypa,Bet {page},Betde geç,Sahypa başyna hil
to,Tebile 'ikai ha 'osi,Fakaʻapa ki he {name},Fakapangitā {name},Fakatata,Hoko,Fakatuʻa,{page} ʻi he {pages},{rowStart}\u2013{rowEnd} 'ofa {rows},Fakatupu {rows},ʻOku toe,ʻEtita ʻe pongipongi,ʻEtita {page},Fakatongia kihe ʻaupito,Ngaahi tefito'i fakapule'anga
tr,Tabloda veri yok,{name} Sırala,{name}'e göre süz,Ara,Sonraki,Önceki,{page}/{pages},{rows} satırların {rowStart}\u2013{rowEnd},{rows} Göster,Sonraki sayfa,Önceki sayfa,Sayfa {page},Sayfaya git,Sayfa başına satırlar
tt,Күрәк йоклаулары юк,{name} Төркемен кертү,{name} буенча сүзгеч,Эзләү,Киләүе,Алдынгы,{page}/{pages},{rows} сызлыкта {rowStart}\u2013{rowEnd},{rows} көрсәтү,Киләһе бит,Алдынгы бит,Бит {page},Биткә күчү,Бет башына керешләр
twq,Table ndi saaɗa tawɛ,Sɛƙu {name},Faltaa {name},Yɛrɛy,Jiggo,Kule,{page} n {pages},{rowStart}\u2013{rowEnd} wonande {rows} tawotore,Nya {rows},Turu lɗaaba,Fasara a kofa,Kuraas {page},Enda kwenye ukurasa,Nɛɛrɛ fettinde ɓennuɗo
tzm,ⵜⴰⴱⵍⴰ ⴰⵔⴱⴰⵍ ⵏ ⵜⴰⵍⵎⵎⵉⴽⵓⵏ ⵓⵏⴰ ⵢⵉⵙ,ⴰⴽⵉⴼⵉⵜ {name},ⴼⵉⵍⵜⵔ {name},ⵍⵉⵛⵉⵍ,ⴰⴱⴰⵍⴰ,ⴰⵙⴱⴰⵍⴰ,{page} ⵉⵏ {pages},{rowStart}\u2013{rowEnd} ⵉⵏ {rows} ⴰⵔⴰⵏ,ⵜⴰⵏⵉⵔ {rows},ⴰⴱⴰⵍⴰ ⴰⵏⴰⵎⴰⵙ,ⵜⴰⵙⵉⵏⵜ ⵜⴰⵎⴰⴱⵜ,ⵜⴰⵙⵏⴰ {page},ⴰⴷⴷⴰ ⵏ ⵜⴰⵡⵉⵍⵜ,ⴷⴰⵔⴰⵔ ⴰⴽⵓⵙ ⴰⵔⴰⵏ
ug,جەدۋەلدە ئۇچۇر يوق,{name} تەرتىپ كۆرسەت,{name} ئارقىلىق سۈزۈش,ئىزدەش,كېيىنكى,ئالدىنقى,{page}/{pages},{rows} قۇرۇلدى {rowStart}\u2013{rowEnd},{rows} كۆرسىتىش,كېيىنكى بەت,ئالدىنقى بەت,بەت {page},بەتكە كۆچ,ھەر بەتتە قۇرلار سانى
uk,У таблиці немає даних,Сортувати {name},Фільтрувати за {name},Пошук,Наступний,Попередній,{page} з {pages},{rowStart}\u2013{rowEnd} з {rows} рядків,Показати {rows},Наступна сторінка,Попередня сторінка,Сторінка {page},Перейти на сторінку,Рядків на сторінку
und,Table has no data,Sort {name},Filter {name},Search,Next,Previous,{page} of {pages},{rowStart}\u2013{rowEnd} of {rows} rows,Show {rows},Next page,Previous page,Page {page},Go to page,Rows per page
ur,خانہ کوئی ڈیٹا نہیں ہے,{name} کو ترتیب دینا,{name} کے مطابق فلٹر کریں,تلاش کریں,اگلا,پچھلا,{page} کا {pages},{rowStart}\u2013{rowEnd} کی {rows} قطاریں,{rows} دکھائیں,اگلا صفحہ,پچھلا صفحہ,صفحہ {page},صفحہ پر جائیں,صفوف فی صفحہ
uz,Jadvallikda ma'lumot yo'q,{name} Tartiblang,{name} bo'yicha filtrlash,Qidirish,Keyingi,Oldingi,{page}/{pages},{rows} qatorlarda {rowStart}\u2013{rowEnd},{rows} ko'rsatish,Keyingi sahifa,Oldingi sahifa,Sahifa {page},Sahifaga o'tish,Sahifaga qatorlar soni
vai,ꕉꕜ ꕶꕱꕆꕌ ꕮꕊꕯꕆ ꔻꕆ ꕢꕴꔹꕆ,ꔀꔤ {name} ꔨ ꕆꕇꕪ,ꖆꕬ ꗂꔭ {name},ꕤꕞꕢ,ꕢꘋꕤꔫꔰ,ꕚꘋꕤꔫꔰ,{page} ꔫ {pages} ꕆꕇꕪ,{rows} ꔭꕞꔤ ꕉꔤ {rowStart}\u2013{rowEnd},ꕉꘈ {rows},ꕙꔤ ꔫ ꕮꕊꕚ ꕉꕜ,ꕭꔻꕚ ꖨꕮ ꕘꖺꕯ,ꔫꕩꘉ {page},ꕉꔱ ꔞ ꖨꕮ ꔞꔀꕮ,ꔞꔀꖬ ꔳ ꕉꔓꔸ ꖨ ꖏꖇ
vi,Bảng không có dữ liệu,Sắp xếp {name},Lọc theo {name},Tìm kiếm,Tiếp theo,Trước đó,{page} trên {pages},{rowStart}\u2013{rowEnd} trong số {rows} hàng,Hiển thị {rows},Trang kế tiếp,Trang trước,Trang {page},Đi đến trang,Số hàng trên mỗi trang
vun,Meza hauna data,Kwiritsu {name},Chuja kwa {name},Tafuta,Ombwɔ́ɔl,Kabla,{page} kati ya {pages},{rows} vya {rowStart}\u2013{rowEnd},Onyesha {rows},Kurasa ifuatayo,Kurasa ya nyuma,Kurasa {page},Nenda kwenye ukurasa,Mistari kila ukurasa
wae,Täfelä han kei Daten,{name} Sortiera,{name}-nå z'filtere,Suecha,Nächscht,Vuroh,{page}/{pages},{rowStart}\u2013{rowEnd} vu {rows} Liena,{rows} weisä,Nächscht Blat,Vorigi Sita,Sita {page},Gó zur Sita,Rindar pro Sita
wo,Tabal yi am nañu defar,Taxawal {name},Sàmm {name},Wut,Buum,Ci anteriyër,{page}/{pages},{rows} ci {rowStart}\u2013{rowEnd},Wone {rows},Xët wergoo,Xët wu laaj,Xët {page},Yaa ju ndigal,Randu ci topp
xh,Iteybheli ayinakho okanye akukho data,Susa {name},Chapula ngokwanele {name},Fowunela,Okulandelayo,Eyodwa,{page} kwi {pages},{rowStart}\u2013{rowEnd} ye {rows} zilawula,Bonisa {rows},Ikhasi elilandelayo,Iqela elilandelayo,Ikhara {page},Hamba ekuseni,Amabhuloho ngamaxesha
xog,Tebuluune haana data,Londa {name},Komya nga {name},Yagala,Kale,Hore,{page} ku {pages},{rows} ze {rowStart}\u2013{rowEnd},Ku muuqdaa {rows},Bogga ku xeeran,Bogga hore,Olupapula {page},Kuba ku lusuku,Obwerere bulaaya
yav,Bʋ maa kɩtɩm sɛnɛɛ bʋ tɔɔlu,Yɛ {name} bɔ dɩ sɔr,Ndaa {name},Hɛmɛ,Ngek,Kɨrɨəm,{page} / {pages},{rowStart}\u2013{rowEnd} mənəə {rows},Ku nɔŋɔ {rows},Kuɓɛɛ nɛɛsɛɛ,Kurasa ya nyuma,Poo {page},Kwenda kwenye ukurasa,Gwɛ̌ pɛ́nɛ́ kɛ́ sɔ̀ɔ́
yi,טייבל האט קיין דאטן,זארטירן {name},פילטערן דורך {name},זוכן,נעכטער,פּריוועקט,{page} פון {pages},{rows} רגעלעך {rowStart}\u2013{rowEnd},ווייזן {rows},נעכטער בלאט,פאריקער בלאט,בלאט {page},גיי צו בלאט,רייהן אויף זייט
yo,Tabili kò lè ṣe dátà,Pese {name},Sii niwaju {name},Ṣe àwọn,Nípa kọọ̀kan,Nlá,{page} fun {pages},{rows} ni {rowStart}\u2013{rowEnd},Fún {rows},Ogo aṣẹda,Ìgbà ẹlẹwẹ,Pẹlu {page},Lo si ọna,Awọn ireti nipasẹ oju-iwe
yrl,Table has no data,Pirape {name},{name} reko,Nhɨmɨ,Arra,Zua,{page} de {pages},{rows} yandu {rowStart}\u2013{rowEnd},Show {rows},Folozһa ьуьгӀэ,Fasara a kofa,Kurasa {page},Mwoyo kwa yina,Pira'i porãmokõi ojepota
yue,表冇數據,排序 {name},過濾 {name},搵,下一個,上個,{page} / {pages},{rowStart}\u2013{rowEnd} 行，總共有 {rows} 行,顯示 {rows},下一頁,上一頁,頁 {page},去頁,每頁行數
zgh,ⵜⴰⴱⵍⴰ ⴰⵔⴱⴰⵍ ⵏ ⵜⴰⵍⵎⵎⵉⴽⵓⵏ,ⴰⴽⵉⴼⵉⵜ {name},ⴰⴼⵍⵜⵉⵔ {name},ⵙⴰⵄⴰⵢ,ⴰⵎⴰⵣⵉⵖ,ⵜⴰⵏⵜⴰⵙⵏⵜ,{page} / {pages},{rowStart}\u2013{rowEnd} ⵜⴰⴷⴷⴰⵏⵜ {rows} ⴰⵔⵏⴳⴰⵏ,ⵜⴰⵏⴻⵔ {rows},ⴰⵙⴳⴰⵙ ⵜⴰⵍⵉⵍⵜ,ⵜⴰⵙⵉⵏⵜ ⵜⴰⵎⴰⴱⵜ,ⵜⴰⵙⵏⴰ {page},ⴰⴷⴷⴰ ⵏ ⵜⴰⵡⵉⵍⵜ,ⵉⴼⵔⴰⴱⵉⵏ ⵓⴷ ⴰⵔⵜⴰⵙ
zh,表格没有数据,排序 {name},按{name} 过滤,搜索,下一个,以前,{page}/{pages},共 {rows} 行，第 {rowStart}\u2013{rowEnd} 行,显示 {rows},下一页,上一页,页码 {page},转到页面,每页行数
zu,Akukho data engekho kwezitolo,Hlela {name},Chapula ngokwesibonelo {name},Sesha,Okulandelela,Ngaphambi,{page} kwa {pages},{rows} kwezifundiswa {rowStart}\u2013{rowEnd},Bonisa {rows},Ikhasi elilandelayo,Iphepha elifushane,Ikheli {page},Hamba ekuseni,Izinketho zemigqa ngaphezu kwepeji